SALE TYPE,SOLD DATE,PROPERTY TYPE,ADDRESS,CITY,STATE OR PROVINCE,ZIP OR POSTAL CODE,PRICE,BEDS,BATHS,LOCATION,SQUARE FEET,LOT SIZE,YEAR BUILT,DAYS ON MARKET,$/SQUARE FEET,HOA/MONTH,STATUS,NEXT OPEN HOUSE START TIME,NEXT OPEN HOUSE END TIME,URL (SEE https://www.redfin.com/buy-a-home/comparative-market-analysis FOR INFO ON PRICING),SOURCE,MLS#,FAVORITE,INTERESTED,LATITUDE,LONGITUDE
"In accordance with local MLS rules, some MLS listings are not included in the download"
PAST SALE,March-31-2023,Single Family Residential,22414 Sierra Lake Ct,Katy,TX,77494,465000,3,3.0,Grand Lakes,2842,9620,1998,,164,88,Sold,,,https://www.redfin.com/TX/Katy/22414-Sierra-Lake-Ct-77494/home/33097830,HARMLS,23624954,N,Y,29.710061,-95.7690331
PAST SALE,June-26-2023,Single Family Residential,23827 Padauk Tree Trl,Katy,TX,77493,490000,4,3.5,Morton Crk Ranch,3577,7584,2019,,137,50,Sold,,,https://www.redfin.com/TX/Katy/23827-Padauk-Tree-Trl-77493/home/160506285,HARMLS,2108882,N,Y,29.8161386,-95.7879917
PAST SALE,July-25-2023,Single Family Residential,3806 Bridgebay Ln,Katy,TX,77449,285000,3,2.5,Bridgewater Pointe,2128,6050,1998,,134,41,Sold,,,https://www.redfin.com/TX/Katy/3806-Bridgebay-Ln-77449/home/30675413,HARMLS,47996208,N,Y,29.8286027,-95.7470355
PAST SALE,April-20-2023,Single Family Residential,21103 Settlers Valley Dr,Katy,TX,77449,235000,3,2.0,Settlers Village Sec 01 R/p,1425,9200,1979,,165,27,Sold,,,https://www.redfin.com/TX/Katy/21103-Settlers-Valley-Dr-77449/home/30387779,HARMLS,26841535,N,Y,29.874874,-95.7330444
PAST SALE,January-23-2024,Single Family Residential,19626 Oakwood Falls Trl,Houston,TX,77084,300000,3,2.0,Creek Bend Estates Sec 03,2159,6050,2000,,139,54,Sold,,,https://www.redfin.com/TX/Houston/19626-Oakwood-Falls-Trl-77084/home/30689205,HARMLS,81497714,N,Y,29.8108036,-95.714229
PAST SALE,April-20-2023,Single Family Residential,28115 Rebecca Meadow Fall Ln,Katy,TX,77494,485000,4,2.5,Cinco Ranch Southwest,2559,10383,2012,,190,96,Sold,,,https://www.redfin.com/TX/Katy/28115-Rebecca-Meadow-Fall-Ln-77494/home/40169172,HARMLS,63521783,N,Y,29.7179795,-95.8299569
PAST SALE,June-5-2023,Single Family Residential,28234 Moon Portrait Ln,Katy,TX,77494,659950,4,3.5,Trails Of Katy,3567,9854,2018,,185,83,Sold,,,https://www.redfin.com/TX/Katy/28234-Moon-Portrait-Ln-77494/home/109809424,HARMLS,66752814,N,Y,29.768829,-95.8599905
PAST SALE,July-17-2023,Single Family Residential,3411 Smart Sands Ln,Fulshear,TX,77441,420000,4,3.5,Churchill Farms,2399,6306,2014,,175,72,Sold,,,https://www.redfin.com/TX/Fulshear/3411-Smart-Sands-Ln-77441/home/53646244,HARMLS,69848834,N,Y,29.7335577,-95.8476858
PAST SALE,July-21-2023,Single Family Residential,4115 Sea Meadow Ct,Katy,TX,77449,225000,3,2.0,Cypress Meadow,1224,6372,1982,,184,29,Sold,,,https://www.redfin.com/TX/Katy/4115-Sea-Meadow-Ct-77449/home/30479706,HARMLS,26536709,N,Y,29.8318952,-95.7063541
PAST SALE,March-31-2023,Single Family Residential,5647 Armillary Dr,Katy,TX,77449,299000,3,2.0,Plantation Lakes,1849,5290,2015,,162,41,Sold,,,https://www.redfin.com/TX/Katy/5647-Armillary-Dr-77449/home/57170988,HARMLS,81904760,N,Y,29.852388,-95.7159358
PAST SALE,May-19-2023,Single Family Residential,2503 Desert Sage Dr,Katy,TX,77449,345000,4,3.0,Raintree Village,2445,6827,1994,,141,36,Sold,,,https://www.redfin.com/TX/Katy/2503-Desert-Sage-Dr-77449/home/30529296,HARMLS,56191278,N,Y,29.80387,-95.7385596
PAST SALE,September-8-2023,Single Family Residential,803 Park Wind Dr,Katy,TX,77450,305000,3,2.0,Memorial Pkwy,2304,13530,1975,,132,35,Sold,,,https://www.redfin.com/TX/Katy/803-Park-Wind-Dr-77450/home/30317030,HARMLS,22190166,N,Y,29.7699262,-95.7459245
PAST SALE,August-16-2023,Single Family Residential,22706 Spatswood Ln,Katy,TX,77449,360000,4,2.0,Williamsburg Settlement,2251,10296,1982,,160,63,Sold,,,https://www.redfin.com/TX/Katy/22706-Spatswood-Ln-77449/home/30510036,HARMLS,92996910,N,Y,29.7989981,-95.7656372
PAST SALE,June-14-2023,Single Family Residential,24438 Ferdossa Dr,Richmond,TX,77406,485000,4,3.0,Lakes Of Bella Terra West,2939,5310,2018,,165,77,Sold,,,https://www.redfin.com/TX/Richmond/24438-Ferdossa-Dr-77406/home/167649177,HARMLS,92943676,N,Y,29.6963486,-95.7975454
PAST SALE,May-26-2023,Single Family Residential,3514 Sunburst Ct,Katy,TX,77494,500000,4,3.5,Tamarron,3045,8993,2021,,164,129,Sold,,,https://www.redfin.com/TX/Katy/3514-Sunburst-Ct-77494/home/173024867,HARMLS,74781492,N,Y,29.7381067,-95.8758232
PAST SALE,June-28-2023,Single Family Residential,7903 Catalina Island Dr,Katy,TX,77494,840000,4,3.5,Avalon At Seven Meadows,3730,11122,2004,,225,300,Sold,,,https://www.redfin.com/TX/Katy/7903-Catalina-Island-Dr-77494/home/32531204,HARMLS,21905928,N,Y,29.7194233,-95.7859947
PAST SALE,February-22-2024,Single Family Residential,2311 Blue Reef Dr,Katy,TX,77449,252000,3,2.0,Lakes/mason Park Amd Sec 01,1360,6347,2009,,185,42,Sold,,,https://www.redfin.com/TX/Katy/2311-Blue-Reef-Dr-77449/home/34120318,HARMLS,65122798,N,Y,29.8073737,-95.7583104
PAST SALE,June-13-2023,Single Family Residential,28134 Harper Creek Ln,Katy,TX,77494,565000,4,4.0,Cinco Ranch Southwest Sec 35,3061,8468,2010,,185,96,Sold,,,https://www.redfin.com/TX/Katy/28134-Harper-Creek-Ln-77494/home/33241230,HARMLS,54838203,N,Y,29.7164559,-95.8316133
PAST SALE,April-20-2023,Single Family Residential,1434 Wheatley Hill Ln,Katy,TX,77494,425000,4,2.5,Anserra Sec 4,2998,6350,2018,,142,83,Sold,,,https://www.redfin.com/TX/Katy/1434-Wheatley-Hill-Ln-77494/home/146451714,HARMLS,32902760,N,Y,29.7681823,-95.8659479
PAST SALE,April-3-2023,Single Family Residential,29923 Violet Crest Ct,Fulshear,TX,77423,530000,3,3.5,Jordan Ranch Sec 24,2662,11949,2021,,199,94,Sold,,,https://www.redfin.com/TX/Brookshire/29923-Violet-Crest-Ct-77423/home/176715058,HARMLS,96410092,N,Y,29.760538,-95.8858652
PAST SALE,July-10-2023,Single Family Residential,2015 Westfork Dr,Katy,TX,77449,289000,4,2.0,Westgreen,1600,6300,1983,,181,34,Sold,,,https://www.redfin.com/TX/Katy/2015-Westfork-Dr-77449/home/30462660,HARMLS,23242800,N,Y,29.7974541,-95.7316481
PAST SALE,July-20-2023,Single Family Residential,5727 Pampus Prairie Rd,Katy,TX,77493,274900,3,2.0,Katy Xing,1480,4773,2019,,186,50,Sold,,,https://www.redfin.com/TX/Katy/5727-Pampus-Prairie-Rd-77493/home/167168829,HARMLS,80808546,N,Y,29.8562996,-95.8194174
PAST SALE,March-24-2023,Single Family Residential,22603 Indian Knoll Dr,Katy,TX,77450,288000,4,2.5,Cimarron Sec 05,2297,8050,1978,,125,33,Sold,,,https://www.redfin.com/TX/Katy/22603-Indian-Knoll-Dr-77450/home/30367442,HARMLS,69133730,N,Y,29.7642335,-95.7607269
PAST SALE,August-18-2023,Single Family Residential,18502 Dural Dr,Houston,TX,77094,365000,4,2.0,Krystal Lake Estates,2060,4774,2002,,177,53,Sold,,,https://www.redfin.com/TX/Houston/18502-Dural-Dr-77094/home/29145252,HARMLS,20429237,N,Y,29.7785692,-95.6972379
PAST SALE,November-9-2023,Single Family Residential,26411 Green Heron Dr,Katy,TX,77494,453900,4,3.5,Hawks Landing Sec 2,2914,5750,2014,,156,66,Sold,,,https://www.redfin.com/TX/Katy/26411-Green-Heron-Dr-77494/home/52397262,HARMLS,9746080,N,Y,29.7398976,-95.8214362
PAST SALE,July-21-2023,Single Family Residential,6618 Tiger Trl,Katy,TX,77493,450000,4,3.0,Cane Island,2393,7390,2019,,188,113,Sold,,,https://www.redfin.com/TX/Katy/6618-Tiger-Trl-77493/home/162193126,HARMLS,91744219,N,Y,29.7999793,-95.8363316
PAST SALE,December-27-2023,Single Family Residential,950 Chinquapin Pl,Houston,TX,77094,789000,5,3.5,Green Trails Forest,4124,15148,1998,,191,154,Sold,,,https://www.redfin.com/TX/Houston/950-Chinquapin-Pl-77094/home/30667415,HARMLS,75885611,N,Y,29.774131,-95.7075671
PAST SALE,January-25-2024,Single Family Residential,2127 Partridgeberry Ln,Katy,TX,77494,570000,4,3.5,Firethorne West,3237,7177,2020,,176,71,Sold,,,https://www.redfin.com/TX/Katy/2127-Partridgeberry-Ln-77494/home/173011078,HARMLS,24561437,N,Y,29.7604986,-95.8715142
PAST SALE,June-8-2023,Single Family Residential,21314 Honey Flower,Katy,TX,77449,285000,3,2.0,Lantana,1648,7697,2019,,173,43,Sold,,,https://www.redfin.com/TX/Cypress/21314-Honey-Flower-St-77433/home/173670631,HARMLS,26630753,N,Y,29.877785,-95.74108
PAST SALE,August-21-2023,Single Family Residential,20902 Avery Cove Ln,Katy,TX,77450,374900,3,2.0,Grand Lakes Ph Three,2143,6906,2006,,175,88,Sold,,,https://www.redfin.com/TX/Katy/20902-Avery-Cove-Ln-77450/home/32576212,HARMLS,28300790,N,Y,29.7104145,-95.751027
PAST SALE,December-15-2023,Single Family Residential,6210 Newbury Dr,Katy,TX,77449,275000,3,2.0,Brenwood,1647,6825,1997,,167,45,Sold,,,https://www.redfin.com/TX/Katy/6210-Newbury-Dr-77449/home/30585083,HARMLS,19745261,N,Y,29.8610866,-95.694965
PAST SALE,May-18-2023,Single Family Residential,4514 Clara Rose Ln,Katy,TX,77449,450000,4,3.5,Westfield Ranch Sec 3,3261,6193,2019,,138,44,Sold,,,https://www.redfin.com/TX/Katy/4514-Clara-Rose-Ln-77449/home/167842777,HARMLS,68711947,N,Y,29.8364525,-95.7249843
PAST SALE,September-15-2023,Single Family Residential,2938 Rainmont Ln,Katy,TX,77449,240000,3,2.0,Raintree Village,1590,7141,1994,,151,36,Sold,,,https://www.redfin.com/TX/Katy/2938-Rainmont-Ln-77449/home/30601263,HARMLS,66076821,N,Y,29.813078,-95.7327221
PAST SALE,September-27-2023,Single Family Residential,21607 Dalton Spring Ln,Katy,TX,77449,320000,4,2.5,Lakes Bridgewater,3046,6050,2004,,105,41,Sold,,,https://www.redfin.com/TX/Katy/21607-Dalton-Spring-Ln-77449/home/29175929,HARMLS,47495007,N,Y,29.8194152,-95.7477346
PAST SALE,January-8-2024,Single Family Residential,23010 Tindarey Falls Ln,Katy,TX,77493,375000,4,2.5,Elyson,2334,7028,2018,,161,92,Sold,,,https://www.redfin.com/TX/Katy/23010-Tindarey-Falls-Ln-77493/home/167840089,HARMLS,75823301,N,Y,29.8728802,-95.7746316
PAST SALE,November-9-2023,Single Family Residential,28106 Dozier Rose Ct,Fulshear,TX,77441,1425000,5,6.5,Cross Creek Ranch,5499,14312,2013,,259,108,Sold,,,https://www.redfin.com/TX/Fulshear/28106-Dozier-Rose-Ct-77441/home/52396795,HARMLS,18694349,N,Y,29.7080609,-95.8619693
PAST SALE,November-22-2023,Single Family Residential,28942 Woods Rose Ct,Katy,TX,77494,699000,5,4.5,Firethorne West,3901,8973,2021,,179,67,Sold,,,https://www.redfin.com/TX/Katy/28942-Woods-Rose-Ct-77494/home/173011130,HARMLS,57860600,N,Y,29.7601048,-95.8697205
PAST SALE,October-13-2023,Single Family Residential,6826 Tiger Trl,Katy,TX,77493,428000,3,2.5,Cane Island,2145,7996,2016,,200,113,Sold,,,https://www.redfin.com/TX/Katy/6826-Tiger-Trl-77493/home/144030263,HARMLS,49449472,N,Y,29.7980126,-95.8364758
PAST SALE,December-7-2023,Single Family Residential,23222 San Salvador Pl,Katy,TX,77494,958000,4,3.5,Avalon At Seven Meadows Sec 6,4341,12740,2006,,221,279,Sold,,,https://www.redfin.com/TX/Katy/23222-San-Salvador-Pl-77494/home/32603232,HARMLS,13375629,N,Y,29.7139085,-95.791986
PAST SALE,December-15-2023,Single Family Residential,20603 Castlemills Ct,Katy,TX,77450,425000,4,2.5,Kelliwood Place,3028,10645,1991,,140,52,Sold,,,https://www.redfin.com/TX/Katy/20603-Castlemills-Ct-77450/home/30625288,HARMLS,44792539,N,Y,29.7560164,-95.7298381
PAST SALE,August-31-2023,Single Family Residential,7203 Bur Oak Bend Way,Katy,TX,77493,442900,4,3.0,Elyson,2169,6063,2023,,204,112,Sold,,,https://www.redfin.com/TX/Katy/7203-Bur-Oak-Bend-Way-77493/home/184726846,HARMLS,27505774,N,Y,29.8780218,-95.7986573
PAST SALE,July-14-2023,Single Family Residential,6306 Torrance Elms Ct,Katy,TX,77449,215000,3,2.0,Lakeville Sec 4,1632,3528,2004,,132,53,Sold,,,https://www.redfin.com/TX/Katy/6306-Torrance-Elms-Ct-77449/home/29313976,HARMLS,47415529,N,Y,29.86843,-95.7231333
PAST SALE,February-12-2024,Single Family Residential,4511 Cedarfield Rd,Katy,TX,77494,675000,4,3.5,Cinco Ranch Southwest,3401,9761,2010,,198,96,Sold,,,https://www.redfin.com/TX/Katy/4511-Cedarfield-Rd-77494/home/32733845,HARMLS,3410616,N,Y,29.7226097,-95.8203444
PAST SALE,April-18-2023,Single Family Residential,2503 Big Basin Trl,Katy,TX,77493,546658,4,3.5,Cane Island,2691,8250,2023,,203,110,Sold,,,https://www.redfin.com/TX/Katy/2503-Big-Basin-TRL-Unknown/home/185135100,HARMLS,34908109,N,Y,29.801104,-95.848776
PAST SALE,February-16-2024,Single Family Residential,27134 Berry Bright Dr,Katy,TX,77493,480928,4,3.0,Sunterra,2380,5666,2023,,202,67,Sold,,,https://www.redfin.com/TX/Katy/27134-Berry-Bright-Dr-77493/home/189718486,HARMLS,59510250,N,Y,29.8452667,-95.8438528
PAST SALE,July-28-2023,Single Family Residential,4218 Kalispell Ct,Katy,TX,77494,374990,5,3.0,Tamarron,2199,,2023,,171,104,Sold,,,https://www.redfin.com/TX/Katy/4218-Kalispell-CT-Unknown/home/186001202,HARMLS,34048072,N,Y,29.727992,-95.888165
PAST SALE,July-17-2023,Single Family Residential,25810 Tintero Ridge Dr,Katy,TX,77494,623642,4,3.0,Avondale,2542,6127,2023,,245,69,Sold,,,https://www.redfin.com/TX/Katy/25810-Tintero-Ridge-Dr-77494/home/185641313,HARMLS,19763954,N,Y,29.6990308,-95.8244239
PAST SALE,December-4-2023,Single Family Residential,29830 Ousel Falls Ln,Katy,TX,77494,348990,4,2.0,Tamarron,2035,,2023,,171,104,Sold,,,https://www.redfin.com/TX/Katy/29830-Ousel-Falls-Ln-77494/home/187763838,HARMLS,978978,N,Y,29.728019,-95.888181
PAST SALE,October-18-2023,Single Family Residential,107 Asheboro Dr,Katy,TX,77450,220000,4,2.0,West Memorial,1728,10155,1976,,127,45,Sold,,,https://www.redfin.com/TX/Katy/107-Asheboro-Dr-77450/home/30315886,HARMLS,98956093,N,Y,29.7835724,-95.7555115
PAST SALE,November-30-2023,Single Family Residential,7606 Zinnia Blossom Ln,Katy,TX,77493,544621,4,4.0,Elyson 55s,3028,7614,2023,,180,112,Sold,,,https://www.redfin.com/TX/Unknown/7606-Laurel-Bloom-Ln-77493/home/187232580,HARMLS,34434677,N,Y,29.884655,-95.797103
PAST SALE,November-29-2023,Single Family Residential,19823 Almond Park,Katy,TX,77450,1998800,6,7.0,Park Lake Village,7723,13950,2015,,259,233,Sold,,,https://www.redfin.com/TX/Katy/19823-Almond-Park-77450/home/43503133,HARMLS,85994621,N,Y,29.7542591,-95.7125841
PAST SALE,October-21-2023,Townhouse,25254 Boulder Bend Ln,Katy,TX,77494,265000,3,2.5,Cinco Ranch West Sec 29,1568,2765,2006,,169,165,Sold,,,https://www.redfin.com/TX/Katy/25254-Boulder-Bend-Ln-77494/home/32567353,HARMLS,76860798,N,Y,29.7216207,-95.787136
PAST SALE,June-27-2023,Single Family Residential,20511 Quail Chase Dr,Katy,TX,77450,442500,4,2.5,Nottingham Country,2623,8769,1992,,169,77,Sold,,,https://www.redfin.com/TX/Katy/20511-Quail-Chase-Dr-77450/home/30549844,HARMLS,74227482,N,Y,29.7614049,-95.7272055
PAST SALE,November-15-2023,Single Family Residential,3846 Giorgio Pastel Pl,Katy,TX,77493,278135,4,2.0,Camillo Lakes,1539,4410,2023,,181,73,Sold,,,https://www.redfin.com/TX/Katy/3846-Giorgio-Pastel-Pl-77493/home/173673417,HARMLS,36629073,N,Y,29.8297028,-95.8013343
PAST SALE,August-14-2023,Single Family Residential,23623 Batesville Ct,Katy,TX,77493,453230,5,3.5,Morton Creek Ranch,2470,,2023,,183,50,Sold,,,https://www.redfin.com/TX/Katy/23623-Batesville-Ct-77493/home/173661395,HARMLS,55572750,N,Y,29.8134672,-95.7851918
PAST SALE,December-29-2023,Single Family Residential,23603 Iris Field Ct,Katy,TX,77493,558075,5,4.0,Morton Creek Ranch South,3306,,2023,,169,50,Sold,,,https://www.redfin.com/TX/Katy/23603-Iris-Field-Ct-77449/home/187801433,HARMLS,48651627,N,Y,29.816075,-95.784076
PAST SALE,February-22-2024,Single Family Residential,24407 Gleaming Glen Ct,Katy,TX,77493,553900,4,3.0,Elyson,2594,7750,2024,,214,116,Sold,,,https://www.redfin.com/TX/Unknown/24407-Markstone-Glen-Ct-77493/home/189839079,HARMLS,93874623,N,Y,29.875541,-95.797153
PAST SALE,May-22-2023,Single Family Residential,6330 Prairie Landing Blvd,Katy,TX,77493,630000,4,3.5,Elyson Sec 16,3586,8944,2021,,176,104,Sold,,,https://www.redfin.com/TX/Katy/6330-Prairie-Landing-Blvd-77493/home/167843050,HARMLS,24969796,N,Y,29.8658664,-95.7882388
PAST SALE,June-1-2023,Single Family Residential,29306 Mesquite Oaks Dr,Fulshear,TX,77494,374900,4,3.0,Jordan Ranch,1785,5270,2023,,210,94,Sold,,,https://www.redfin.com/TX/Katy/29306-Mesquite-Oaks-Dr-77494/home/184119033,HARMLS,54171485,N,Y,29.754513,-95.8764363
PAST SALE,June-14-2023,Single Family Residential,2203 Wolf Creek Ct,Katy,TX,77493,490000,4,3.5,Cane Island,2800,14370,2016,,175,108,Sold,,,https://www.redfin.com/TX/Katy/2203-Wolf-Creek-Ct-77493/home/144030142,HARMLS,19443061,N,Y,29.799169,-95.832519
PAST SALE,October-12-2023,Single Family Residential,2007 Autumn Fern Dr,Katy,TX,77450,375000,4,2.5,Highland Trails Sec 03,2538,5227,1999,,148,46,Sold,,,https://www.redfin.com/TX/Katy/2007-Autumn-Fern-Dr-77450/home/30689970,HARMLS,94217621,N,Y,29.7538104,-95.7236982
PAST SALE,April-28-2023,Single Family Residential,25310 Squire Knoll St,Katy,TX,77493,512564,4,3.5,Katy Manor,3028,,2023,,169,39,Sold,,,https://www.redfin.com/TX/Katy/25310-Squire-Knoll-St-77493/home/148039576,HARMLS,44107519,N,Y,29.847303,-95.811823
PAST SALE,November-10-2023,Single Family Residential,5022 Sandyfields Ln,Katy,TX,77494,425000,3,2.0,Cinco Ranch West,2485,7149,2003,,171,325,Sold,,,https://www.redfin.com/TX/Katy/5022-Sandyfields-Ln-77494/home/33131286,HARMLS,6521883,N,Y,29.7269784,-95.7928333
PAST SALE,April-3-2023,Single Family Residential,30027 Ousel Falls Ln,Katy,TX,77494,330990,4,3.0,Tamarron,2041,,2023,,162,104,Sold,,,https://www.redfin.com/TX/Unknown/30027-Margaret-Falls-Ln-77494/home/183956541,HARMLS,53001872,N,Y,29.727992,-95.888165
PAST SALE,March-31-2023,Single Family Residential,27011 Rimini Point Dr,Katy,TX,77493,288990,4,2.5,Winward,2293,,2023,,126,63,Sold,,,https://www.redfin.com/TX/Katy/27011-Rimini-Point-Dr-77493/home/184458910,HARMLS,57492394,N,Y,29.8838883,-95.8393193
PAST SALE,December-21-2023,Single Family Residential,3002 Rockcress Ln,Fulshear,TX,77423,667900,5,4.5,Jordan Ranch,3546,8439,2023,,188,94,Sold,,,https://www.redfin.com/TX/Pattison/3002-Rockcress-Ln-77423/home/186377853,HARMLS,84278677,N,Y,29.748022,-95.898358
PAST SALE,July-5-2023,Single Family Residential,19306 Marlstone Ct,Houston,TX,77094,675000,4,3.5,Green Trails Park Sec 09,3430,11165,1993,,197,74,Sold,,,https://www.redfin.com/TX/Houston/19306-Marlstone-Ct-77094/home/30641865,HARMLS,8409342,N,Y,29.7700224,-95.7040514
PAST SALE,August-10-2023,Single Family Residential,7227 Bayberry Dr,Katy,TX,77493,797900,4,3.5,Cane Island,3395,17322,2023,,235,110,Sold,,,https://www.redfin.com/TX/Katy/7227-Bayberry-Dr-77493/home/184800013,HARMLS,22543793,N,Y,29.8132952,-95.847047
PAST SALE,February-27-2024,Single Family Residential,30603 Cinnamon Grove Ct,Fulshear,TX,77423,708900,5,4.5,Jordan Ranch,3791,10775,2024,,187,94,Sold,,,https://www.redfin.com/TX/Katy/30603-Cinnamon-Grove-CT-77494/home/188373815,HARMLS,55494350,N,Y,29.746601,-95.898695
PAST SALE,February-9-2024,Single Family Residential,24415 Green Buffalograss Trl,Katy,TX,77493,671278,4,3.5,Elyson 65s,3268,9153,2023,,205,112,Sold,,,https://www.redfin.com/TX/Unknown/24415-Green-Buffalograss-Trl-77493/home/187380230,HARMLS,32056833,N,Y,29.881089,-95.798505
PAST SALE,November-27-2023,Single Family Residential,24822 Hibiscus Garden Way,Katy,TX,77493,525900,4,3.0,Elyson,2738,6958,2023,,192,112,Sold,,,https://www.redfin.com/TX/Katy/24822-Hibiscus-Garden-WAY-Unknown/home/188519433,HARMLS,91432752,N,Y,29.785777,-95.824509
PAST SALE,June-8-2023,Single Family Residential,26807 Jasmine Breeze Dr,Katy,TX,77493,275000,4,2.5,Winward,2293,,2023,,120,63,Sold,,,https://www.redfin.com/TX/Katy/26807-Jasmine-Breeze-DR-Unknown/home/183901653,HARMLS,71498876,N,Y,29.887006,-95.834568
PAST SALE,March-5-2024,Single Family Residential,27042 Blue Pool Dr,Katy,TX,77493,297077,3,2.0,Sunterra,1585,,2023,,187,97,Sold,,,https://www.redfin.com/TX/Unknown/27042-Blue-Pool-Dr-77493/home/185587481,HARMLS,50906430,N,Y,29.846298,-95.842346
PAST SALE,January-31-2024,Single Family Residential,23539 Sitka Spruce Dr,Katy,TX,77493,519520,4,2.5,Morton Creek Ranch South,3232,,2023,,161,50,Sold,,,https://www.redfin.com/TX/Katy/23539-Sitka-Spruce-Dr-77449/home/188156396,HARMLS,68073618,N,Y,29.8120395,-95.7848036
PAST SALE,December-8-2023,Single Family Residential,30527 Lavender Basil Ln,Fulshear,TX,77494,659900,5,4.0,Jordan Ranch,3546,,2023,,186,94,Sold,,,https://www.redfin.com/TX/Katy/30527-Lavender-Basil-Ln-77494/home/186147985,HARMLS,89154616,N,Y,29.7472061,-95.8980108
PAST SALE,April-28-2023,Single Family Residential,3503 Elk Horn Ct,Katy,TX,77494,598067,4,3.5,Tamarron,2999,12000,2023,,199,104,Sold,,,https://www.redfin.com/TX/Katy/3503-Elk-Horn-Ct-77494/home/169856942,HARMLS,54267836,N,Y,29.7368341,-95.8684217
PAST SALE,March-5-2024,Single Family Residential,6615 Mirabeau Ln,Katy,TX,77493,925900,5,4.5,Cane Island,4931,10960,2023,,188,110,Sold,,,https://www.redfin.com/TX/Katy/6615-Mirabeau-Ln-77493/home/181764887,HARMLS,13075226,N,Y,29.8152657,-95.8363499
PAST SALE,December-21-2023,Single Family Residential,21603 Park York Dr,Katy,TX,77450,250000,3,2.0,Memorial Pkwy,1622,7475,1983,,154,38,Sold,,,https://www.redfin.com/TX/Katy/21603-Park-York-Dr-77450/home/30433974,HARMLS,20711030,N,Y,29.7618796,-95.7443609
PAST SALE,February-23-2024,Single Family Residential,30515 Lavender Basil,Fulshear,TX,77423,681068,3,3.5,Jordan Ranch,2862,8750,2023,,238,94,Sold,,,https://www.redfin.com/TX/Fulshear/30515-Lavender-Basil-77423/home/188825637,HARMLS,10945052,N,Y,29.746965,-95.89743
PAST SALE,December-14-2023,Single Family Residential,4319 Fenetre Forest St,Katy,TX,77493,395000,3,3.0,Ventana Lakes,2436,6602,2014,,162,69,Sold,,,https://www.redfin.com/TX/Katy/4319-Fenetre-Forest-St-77493/home/112813442,HARMLS,84744217,N,Y,29.8367887,-95.77634
PAST SALE,September-13-2023,Single Family Residential,2506 Alder Wood Ln,Fulshear,TX,77494,405900,3,2.0,Jordan Ranch,1743,6293,2023,,233,94,Sold,,,https://www.redfin.com/TX/Katy/2506-Alder-Wood-Ln-77494/home/186109498,HARMLS,50116836,N,Y,29.7554638,-95.8791553
PAST SALE,February-23-2024,Single Family Residential,25423 Terrace Arbor Ln,Katy,TX,77494,1220000,5,4.5,Cinco Ranch West Sec 28,4707,17892,2008,,259,177,Sold,,,https://www.redfin.com/TX/Katy/25423-Terrace-Arbor-Ln-77494/home/32607435,HARMLS,30161567,N,Y,29.7292795,-95.7941685
PAST SALE,July-28-2023,Single Family Residential,412 Rustic Shadow Dr,Katy,TX,77493,289900,3,2.0,Freeman Ranch,1570,,2023,,185,29,Sold,,,https://www.redfin.com/TX/Katy/412-Rustic-Shadow-Dr-77493/home/181766981,HARMLS,15517575,N,Y,29.8642089,-95.8788954
PAST SALE,September-13-2023,Single Family Residential,2431 Rosemary Sage Dr,Fulshear,TX,77423,374781,3,2.0,Jordan Ranch,2017,,2023,,186,94,Sold,,,https://www.redfin.com/TX/Fulshear/2431-Rosemary-Sage-DR-77423/home/187462356,HARMLS,89984328,N,Y,29.750207,-95.900952
PAST SALE,August-14-2023,Single Family Residential,6206 S Fawnlake Dr,Katy,TX,77493,350000,3,2.0,Fawnlake,2111,9235,2001,,166,46,Sold,,,https://www.redfin.com/TX/Katy/6206-S-Fawnlake-Dr-77493/home/30699133,HARMLS,70500523,N,Y,29.8058539,-95.8298208
PAST SALE,May-22-2023,Single Family Residential,23910 Indian Crest Ct,Katy,TX,77494,357000,3,2.0,Falcon Landing Sec 7,1908,6650,2001,,187,79,Sold,,,https://www.redfin.com/TX/Katy/23910-Indian-Crest-Ct-77494/home/33136286,HARMLS,76731049,N,Y,29.7632914,-95.78548
PAST SALE,December-7-2023,Single Family Residential,3112 Stingray Cove Dr,Katy,TX,77493,619001,4,3.5,Sunterra,3300,11330,2023,,188,67,Sold,,,https://www.redfin.com/TX/Katy/3112-Stingray-Cove-Dr-77493/home/187024426,HARMLS,74587595,N,Y,29.8344502,-95.8683805
PAST SALE,August-18-2023,Single Family Residential,24518 Bluestar Blossom Trl,Katy,TX,77493,564924,4,3.0,Elyson,2919,6629,2023,,194,112,Sold,,,https://www.redfin.com/TX/Unknown/24518-Laurel-Bloom-Ln-77493/home/185715638,HARMLS,85472736,N,Y,29.87955,-95.79938
PAST SALE,September-22-2023,Single Family Residential,23430 Sitka Spruce Dr,Katy,TX,77493,553170,4,3.5,Morton Creek Ranch,3577,,2023,,155,50,Sold,,,https://www.redfin.com/TX/Katy/23430-Sitka-Spruce-Dr-77449/home/185653372,HARMLS,44717594,N,Y,29.8120395,-95.7848036
PAST SALE,June-22-2023,Single Family Residential,1030 Shillington Dr,Katy,TX,77450,449900,4,3.5,Nottingham Country Sec 07,3418,7475,1981,,132,54,Sold,,,https://www.redfin.com/TX/Katy/1030-Shillington-Dr-77450/home/30413407,HARMLS,23548769,N,Y,29.7704377,-95.7309899
PAST SALE,March-5-2024,Single Family Residential,8954 Turtle Grass Dr,Cypress,TX,77433,624900,4,3.5,Marvida,3095,8270,2024,,202,103,Sold,,,https://www.redfin.com/TX/Cypress/8954-Turtle-Grass-DR-77433/home/189139892,HARMLS,42491887,N,Y,29.843058,-95.867337
PAST SALE,May-26-2023,Single Family Residential,2718 Mayfield Ridge Ln,Katy,TX,77494,675000,4,3.5,Cinco Ranch Northwest Sec 15,3388,8551,2016,,199,100,Sold,,,https://www.redfin.com/TX/Katy/2718-Mayfield-Ridge-Ln-77494/home/109798849,HARMLS,26933011,N,Y,29.7450463,-95.8432551
PAST SALE,January-10-2024,Single Family Residential,30514 Lavender Basil,Fulshear,TX,77494,767860,5,6.0,Jordan Ranch,4198,10424,2023,,183,94,Sold,,,https://www.redfin.com/TX/Katy/30514-Lavender-Basil-Ln-77494/home/188165716,HARMLS,87910539,N,Y,29.7472773,-95.8972082
PAST SALE,November-17-2023,Single Family Residential,3131 Honeysuckle Way,Katy,TX,77493,710900,5,4.5,Cane Island,3394,17813,2023,,209,110,Sold,,,https://www.redfin.com/TX/Katy/3131-Honeysuckle-Way-77493/home/184945197,HARMLS,6340203,N,Y,29.81479,-95.849417
PAST SALE,February-29-2024,Single Family Residential,23506 Sitka Spruce Dr,Katy,TX,77493,527715,4,3.5,Morton Creek Ranch South,3306,,2023,,160,50,Sold,,,https://www.redfin.com/TX/Katy/23506-Sitka-Spruce-Dr-77449/home/188205259,HARMLS,62136343,N,Y,29.8120395,-95.7848036
PAST SALE,December-1-2023,Single Family Residential,5602 Grizzly Bear Way,Katy,TX,77449,372698,3,2.5,Enclave at Bear Creek,2124,,2023,,175,63,Sold,,,https://www.redfin.com/TX/Katy/5602-Grizzly-Bear-Way-77449/home/188754259,HARMLS,56024350,N,Y,29.8570099,-95.7238393
PAST SALE,June-9-2023,Single Family Residential,4859 Austin Meadow Ln,Katy,TX,77449,431000,5,3.5,The Meadows at Westfield Village,2844,,2023,,152,45,Sold,,,https://www.redfin.com/TX/Katy/4859-Austin-Meadow-Ln-77449/home/185245442,HARMLS,5756299,N,Y,29.844289,-95.7394599
PAST SALE,March-30-2023,Single Family Residential,5902 Hawkes Bay Ct,Katy,TX,77494,515000,3,2.5,Grand Lakes Sec 5,3126,7984,2001,,165,88,Sold,,,https://www.redfin.com/TX/Katy/5902-Hawkes-Bay-Ct-77494/home/33117838,HARMLS,97515447,N,Y,29.709844,-95.7672837
PAST SALE,September-1-2023,Single Family Residential,2507 Summer Peach St,Fulshear,TX,77494,375900,3,2.0,Jordan Ranch,1500,5850,2023,,251,94,Sold,,,https://www.redfin.com/TX/Katy/2507-Summer-Peach-St-77494/home/187232027,HARMLS,76683478,N,Y,29.7554537,-95.8775346
PAST SALE,June-20-2023,Single Family Residential,21306 Slate Crossing Ln,Katy,TX,77449,260000,3,2.0,Morton Ranch,1605,6033,2013,,162,50,Sold,,,https://www.redfin.com/TX/Katy/21306-Slate-Crossing-Ln-77449/home/66042586,HARMLS,4592427,N,Y,29.814687,-95.741131
PAST SALE,March-6-2024,Single Family Residential,27031 Sunset Palace Dr,Katy,TX,77493,378950,4,2.5,Sunterra,2256,,2023,,168,97,Sold,,,https://www.redfin.com/TX/Katy/27031-Sunset-Palace-DR-77493/home/184726869,HARMLS,40268117,N,Y,29.846298,-95.842346
PAST SALE,August-17-2023,Single Family Residential,19426 Morrisfield Ct,Houston,TX,77094,465000,4,2.5,Green Trails Park Sec 08,2456,7737,1994,,189,108,Sold,,,https://www.redfin.com/TX/Houston/19426-Morrisfield-Ct-77094/home/30636661,HARMLS,74995537,N,Y,29.7726479,-95.7064158
PAST SALE,November-10-2023,Single Family Residential,23347 Spring Genesis,Katy,TX,77493,373715,5,3.0,Aurora,2409,,2023,,155,21,Sold,,,https://www.redfin.com/TX/Katy/23347-Spring-Genesis-Ln-77493/home/188944337,HARMLS,23844124,N,Y,29.8592003,-95.7807237
PAST SALE,January-11-2024,Single Family Residential,18315 Wild Willow Ln,Katy,TX,77449,285000,3,2.5,Autumn Run,2388,8800,1983,,119,46,Sold,,,https://www.redfin.com/TX/Katy/18315-Wild-Willow-Ln-77449/home/30384203,HARMLS,20206470,N,Y,29.8772668,-95.6885108
PAST SALE,April-6-2023,Single Family Residential,1418 Mission Springs Dr,Katy,TX,77450,560000,4,3.5,Kelliwood/nottinghamcntry,4091,11500,1989,,137,77,Sold,,,https://www.redfin.com/TX/Katy/1418-Mission-Springs-Dr-77450/home/30548354,HARMLS,27629666,N,Y,29.7655343,-95.718753
PAST SALE,February-15-2024,Single Family Residential,7602 Aster Hollow Ct,Katy,TX,77493,602900,4,3.5,Elyson,2935,13639,2024,,205,115,Sold,,,https://www.redfin.com/TX/Katy/7602-Aster-Hollow-CT-77493/home/189519060,HARMLS,61041120,N,Y,29.884666,-95.80288
PAST SALE,July-20-2023,Single Family Residential,10602 Pebblecreek Xing,Katy,TX,77494,1525000,5,5.5,Cinco Ranch Southwest Sec 50,5235,15076,2011,,291,117,Sold,,,https://www.redfin.com/TX/Katy/10602-Pebblecreek-Xing-77494/home/40167360,HARMLS,22090154,N,Y,29.7147812,-95.8261125
PAST SALE,May-15-2023,Single Family Residential,24403 Green Buffalograss Trl,Katy,TX,77493,828900,5,4.5,Elyson,3791,10760,2022,,219,112,Sold,,,https://www.redfin.com/TX/Unknown/24403-Longspur-Hollow-Ln-77493/home/183539141,HARMLS,49035285,N,Y,29.8811,-95.79849
PAST SALE,May-1-2023,Single Family Residential,19462 Cypress River Dr,Katy,TX,77449,190000,3,2.0,Cypress Meadows 02,968,4950,1982,,196,29,Sold,,,https://www.redfin.com/TX/Katy/19462-Cypress-River-Dr-77449/home/30528411,HARMLS,88744877,N,Y,29.836828,-95.7110831
PAST SALE,December-6-2023,Single Family Residential,6814 Pine Haven Ct,Katy,TX,77493,1165900,5,5.0,Cane Island,4967,17533,2023,,235,110,Sold,,,https://www.redfin.com/TX/Katy/6814-Pine-Haven-Ct-77493/home/186375549,HARMLS,92924053,N,Y,29.8140068,-95.8393678
PAST SALE,September-25-2023,Townhouse,25266 Finchgrove Ln,Katy,TX,77494,299999,3,2.5,Cinco Ranch West Sec 29,1548,3092,2005,,194,165,Sold,,,https://www.redfin.com/TX/Katy/25266-Finchgrove-Ln-77494/home/32567375,HARMLS,98235104,N,Y,29.7222126,-95.7886081
PAST SALE,October-18-2023,Single Family Residential,4639 Silhouette Dr,Katy,TX,77493,915000,4,3.5,Katy Lake Estates,3941,52708,2010,,232,110,Sold,,,https://www.redfin.com/TX/Katy/4639-Silhouette-Dr-77493/home/40204602,HARMLS,85227638,N,Y,29.8401877,-95.83798
PAST SALE,May-25-2023,Single Family Residential,24514 Switchgrass Vly,Katy,TX,77493,704276,4,4.5,Elyson 65s,3210,9498,2023,,219,112,Sold,,,https://www.redfin.com/TX/Unknown/24514-Switchgrass-Valley-Way-77493/home/184609521,HARMLS,52900096,N,Y,29.880308,-95.799533
PAST SALE,April-17-2023,Single Family Residential,7610 Wildrye Meadow Ln,Katy,TX,77449,928900,5,4.5,Elyson,3964,10430,2022,,234,112,Sold,,,https://www.redfin.com/TX/Katy/7610-Wildrye-Meadow-Ln-77493/home/183537050,HARMLS,73054316,N,Y,29.8829933,-95.7995468
PAST SALE,October-27-2023,Townhouse,5339 Greenbrae Ln,Katy,TX,77494,299900,3,3.0,Heritage Grand,1652,4828,2006,,182,418,Sold,,,https://www.redfin.com/TX/Katy/5339-Greenbrae-Ln-77494/home/32566680,HARMLS,89568135,N,Y,29.7237374,-95.7848412
PAST SALE,September-22-2023,Single Family Residential,2425 Fairway Harbor Dr,Katy,TX,77493,428512,4,2.5,Sunterra,2552,8546,2023,,168,113,Sold,,,https://www.redfin.com/TX/Katy/2425-Fairway-Harbor-Dr-77493/home/187023631,HARMLS,23839352,N,Y,29.8365378,-95.8670199
PAST SALE,August-21-2023,Single Family Residential,18335 Windy Knoll Way,Houston,TX,77084,453145,4,3.5,Grand Oaks,2831,,2023,,160,59,Sold,,,https://www.redfin.com/TX/Houston/18335-Windy-Knoll-Way-77084/home/185309578,HARMLS,32032996,N,Y,29.8401329,-95.6907818
PAST SALE,May-8-2023,Single Family Residential,28211 Sweet Oak Ln,Katy,TX,77494,425000,3,2.0,Firethorne Sec 8,2722,6418,2008,,156,71,Sold,,,https://www.redfin.com/TX/Katy/28211-Sweet-Oak-Ln-77494/home/32655502,HARMLS,57066477,N,Y,29.7500166,-95.8560206
PAST SALE,March-27-2023,Single Family Residential,24430 Switchgrass Valley Way,Katy,TX,77493,953900,5,4.5,Elyson,4097,12215,2022,,233,112,Sold,,,https://www.redfin.com/TX/Unknown/24430-Switchgrass-Valley-Way-77493/home/183295443,HARMLS,73386200,N,Y,29.88042,-95.79956
PAST SALE,June-30-2023,Single Family Residential,22519 Cascade Springs Dr,Katy,TX,77494,429000,4,2.5,Grand Lakes Sec 6,2560,6768,1999,,168,96,Sold,,,https://www.redfin.com/TX/Katy/22519-Cascade-Springs-Dr-77494/home/33097542,HARMLS,12626526,N,Y,29.7049201,-95.7695477
PAST SALE,August-11-2023,Single Family Residential,4430 Greenwood Trace Ln,Katy,TX,77494,415000,3,3.0,Cinco Ranch,2542,6067,2006,,163,96,Sold,,,https://www.redfin.com/TX/Katy/4430-Greenwood-Trace-Ln-77494/home/32607279,HARMLS,6445860,N,Y,29.7272456,-95.8092218
PAST SALE,March-20-2023,Single Family Residential,641 Cape Capri Dr,Katy,TX,77493,539900,4,1.5,Sunterra,2267,7109,2022,,238,67,Sold,,,https://www.redfin.com/TX/Katy/641-Cape-Capri-Dr-77493/home/181775276,HARMLS,21390495,N,Y,29.8382316,-95.8613303
PAST SALE,March-20-2023,Single Family Residential,5802 Windcliff Ct,Katy,TX,77449,289990,3,2.5,Brenwood Sec 06,2192,5696,2002,,132,35,Sold,,,https://www.redfin.com/TX/Katy/5802-Windcliff-Ct-77449/home/29175002,HARMLS,71788038,N,Y,29.8570898,-95.686291
PAST SALE,January-26-2024,Single Family Residential,7514 Snowfield Peak Ln,Katy,TX,77493,648900,4,3.5,Cane Island,3398,7684,2024,,191,110,Sold,,,https://www.redfin.com/TX/Katy/7514-Snowfield-Peak-LN-77493/home/186284055,HARMLS,18956323,N,Y,29.79745,-95.848968
PAST SALE,June-12-2023,Single Family Residential,3735 Garden Green Trl,Katy,TX,77449,375000,4,2.5,Westfield Terra Sec 5,2886,5775,2002,,130,54,Sold,,,https://www.redfin.com/TX/Katy/3735-Garden-Green-Trl-77449/home/29207713,HARMLS,17323237,N,Y,29.8257708,-95.7221484
PAST SALE,August-25-2023,Single Family Residential,2846 Acacia Grove Dr,Fulshear,TX,77494,434900,4,3.0,Jordan Ranch,1942,6000,2023,,224,94,Sold,,,https://www.redfin.com/TX/Katy/2846-Acacia-Grove-Dr-77494/home/185182878,HARMLS,76386161,N,Y,29.7491975,-95.8768978
PAST SALE,February-27-2024,Single Family Residential,1915 Longcroft Ln,Katy,TX,77493,702900,4,3.5,Cane Island,2726,10695,2024,,258,110,Sold,,,https://www.redfin.com/TX/Katy/1915-Longcroft-Ln-77493/home/181765200,HARMLS,34037820,N,Y,29.7972567,-95.8515604
PAST SALE,March-27-2023,Single Family Residential,6618 Mirabeau Ln,Katy,TX,77493,1169900,5,4.5,Cane Island,4891,11128,2022,,239,100,Sold,,,https://www.redfin.com/TX/Katy/6618-Mirabeau-Ln-77493/home/181764865,HARMLS,27313158,N,Y,29.8156991,-95.8358977
PAST SALE,November-10-2023,Single Family Residential,2314 Silva Park Ln,Houston,TX,77091,299700,3,2.5,Mansfield Park,1504,1550,2023,,199,100,Sold,,,https://www.redfin.com/TX/Katy/2314-Shelby-Park-Dr-77450/home/182931586,HARMLS,10548260,N,Y,29.7492993,-95.7277402
PAST SALE,November-20-2023,Single Family Residential,24802 Hibiscus Garden Way,Katy,TX,77493,600900,4,3.5,Elyson,3069,9309,2023,,196,112,Sold,,,https://www.redfin.com/TX/Katy/24802-Hibiscus-Garden-WAY-77493/home/187626382,HARMLS,48712401,N,Y,29.885023,-95.80364
PAST SALE,March-4-2024,Single Family Residential,30723 Chamomile Bnd,Fulshear,TX,77494,752900,5,4.5,Jordan Ranch,3791,16019,2023,,199,94,Sold,,,https://www.redfin.com/TX/Katy/30723-Chamomile-Bnd-77494/home/187826546,HARMLS,84062638,N,Y,29.7459718,-95.8999224
PAST SALE,June-30-2023,Single Family Residential,1710 Dominion Heights Ln,Katy,TX,77423,455000,4,3.5,Young Ranch Sec 1,2975,7451,2017,,153,92,Sold,,,https://www.redfin.com/TX/Brookshire/1710-Dominion-Heights-Ln-77423/home/109800476,HARMLS,65420012,N,Y,29.76534,-95.884798
PAST SALE,June-14-2023,Single Family Residential,21306 Ganton Dr,Katy,TX,77450,1100000,5,4.5,Kelliwood Greens Sec 1,6150,24796,1989,,179,58,Sold,,,https://www.redfin.com/TX/Katy/21306-Ganton-Dr-77450/home/32910937,HARMLS,74862758,N,Y,29.7299963,-95.7440112
PAST SALE,February-28-2024,Single Family Residential,4922 Chestnut Valley Ln,Katy,TX,77493,340000,4,2.5,Porter Ranch,2424,,2021,,140,58,Sold,,,https://www.redfin.com/TX/Katy/4922-Chestnut-Valley-Ln-77493/home/176858962,HARMLS,48060516,N,Y,29.8448574,-95.7958157
PAST SALE,April-5-2023,Single Family Residential,6719 Nimitz Ct,Katy,TX,77493,1251176,5,7.0,Cane Island,4939,18320,2023,,253,158,Sold,,,https://www.redfin.com/TX/Katy/6719-Nimitz-Ct-77493/home/181764871,HARMLS,13453267,N,Y,29.8142187,-95.8363316
PAST SALE,December-22-2023,Single Family Residential,24523 Green Buffalograss Trl,Katy,TX,77493,835704,5,5.5,Elyson 65s,4108,12456,2023,,203,112,Sold,,,https://www.redfin.com/TX/Unknown/24523-Green-Buffalograss-Trl-77493/home/187219345,HARMLS,30927806,N,Y,29.881022,-95.798464
PAST SALE,August-22-2023,Single Family Residential,18302 Windy Knoll Way,Houston,TX,77084,432990,4,3.0,Grand Oaks,2657,,2023,,163,59,Sold,,,https://www.redfin.com/TX/Houston/18302-Windy-Knoll-Way-77084/home/184727320,HARMLS,88024071,N,Y,29.8410882,-95.6913377
PAST SALE,August-2-2023,Single Family Residential,7547 Pemberley Ct,Katy,TX,77493,688900,4,3.5,Cane Island,3484,12143,2023,,198,110,Sold,,,https://www.redfin.com/TX/Katy/7547-Pemberley-Ct-77493/home/181765221,HARMLS,54088935,N,Y,29.7952001,-95.8511894
PAST SALE,June-12-2023,Single Family Residential,2518 Alder Wood Ln,Fulshear,TX,77494,386900,3,2.0,Jordan Ranch,1743,5662,2023,,222,94,Sold,,,https://www.redfin.com/TX/Katy/2518-Alder-Wood-Ln-77494/home/185593758,HARMLS,27525627,N,Y,29.7551027,-95.879131
PAST SALE,October-20-2023,Single Family Residential,30634 Chamomile Bnd,Fulshear,TX,77494,702721,4,3.0,Jordan Ranch,3009,10740,2023,,234,94,Sold,,,https://www.redfin.com/TX/Katy/30634-Chamomile-Bnd-77494/home/188088733,HARMLS,89431749,N,Y,29.7460359,-95.8982601
PAST SALE,June-14-2023,Single Family Residential,24002 Thornbird Clf,Katy,TX,77493,691453,4,3.5,Elyson 55s,2851,10493,2023,,243,112,Sold,,,https://www.redfin.com/TX/Katy/24002-Thornbird-Cliff-Way-77493/home/184472347,HARMLS,7117697,N,Y,29.8832059,-95.7912948
PAST SALE,May-26-2023,Single Family Residential,1124 Morro Bay Ct,Katy,TX,77493,593490,5,4.0,Sunterra,2989,,2022,,199,150,Sold,,,https://www.redfin.com/TX/Katy/1124-Morro-Bay-Ct-77493/home/181775608,HARMLS,26775765,N,Y,29.8344876,-95.8604233
PAST SALE,October-19-2023,Single Family Residential,6731 Pine Haven Ct,Katy,TX,77493,1109900,5,5.0,Cane Island,4967,18050,2023,,223,110,Sold,,,https://www.redfin.com/TX/Katy/6731-Pine-Haven-Ct-77493/home/185939255,HARMLS,67944715,N,Y,29.8135798,-95.8385569
PAST SALE,July-3-2023,Single Family Residential,7502 Pemberley Ct,Katy,TX,77493,610900,4,3.5,Cane Island,2949,12143,2022,,207,113,Sold,,,https://www.redfin.com/TX/Katy/7502-Pemberley-Ct-77493/home/181765234,HARMLS,68245201,N,Y,29.7962811,-95.8508757
PAST SALE,December-20-2023,Single Family Residential,23338 Kinsfolk Dr,Katy,TX,77493,296000,4,3.0,Aurora,1583,,2023,,187,63,Sold,,,https://www.redfin.com/TX/Katy/23338-Kinsfolk-Dr-77493/home/188405975,HARMLS,22177310,N,Y,29.856282,-95.77969
PAST SALE,October-23-2023,Single Family Residential,7611 Snowfield Peak Ln,Katy,TX,77493,723900,4,3.5,Cane Island,3399,7439,2023,,213,110,Sold,,,https://www.redfin.com/TX/Katy/7611-Snowfield-Peak-PARK-Unknown/home/188086759,HARMLS,41972142,N,Y,29.806281,-95.854869
PAST SALE,October-11-2023,Single Family Residential,916 Pismo Creek Ln,Katy,TX,77493,369640,4,2.5,Sunterra,2206,,2023,,168,67,Sold,,,https://www.redfin.com/TX/Katy/916-Pismo-Creek-Ln-77493/home/181775468,HARMLS,88319620,N,Y,29.8425405,-95.85762
PAST SALE,October-19-2023,Single Family Residential,2422 Alder Wood Ln,Fulshear,TX,77494,424900,4,3.0,Jordan Ranch,1785,5363,2023,,238,94,Sold,,,https://www.redfin.com/TX/Katy/2422-Alder-Wood-Ln-77494/home/187460177,HARMLS,41648299,N,Y,29.7557759,-95.8784006
PAST SALE,June-28-2023,Single Family Residential,938 Chinquapin Pl,Houston,TX,77094,810000,4,3.5,Green Trails Forest,4046,10212,2001,,200,154,Sold,,,https://www.redfin.com/TX/Houston/938-Chinquapin-Pl-77094/home/30667408,HARMLS,16469236,N,Y,29.774074,-95.708369
PAST SALE,November-16-2023,Single Family Residential,24410 Celestial Lily Dr,Katy,TX,77493,869905,4,3.0,Elyson 80s,3689,12221,2023,,236,112,Sold,,,https://www.redfin.com/TX/Katy/24410-Celestial-Lily-DR-77493/home/186228538,HARMLS,25165078,N,Y,29.886376,-95.797342
PAST SALE,February-22-2024,Single Family Residential,30606 Cinnamon Grove Ct,Fulshear,TX,77423,783509,4,3.5,Jordan Ranch,3610,11059,2023,,217,94,Sold,,,https://www.redfin.com/TX/Fulshear/30606-Cinnamon-Grove-CT-Unknown/home/188825692,HARMLS,95716397,N,Y,29.746895,-95.898492
PAST SALE,May-2-2023,Single Family Residential,30035 Violet Sky Way,Katy,TX,77494,349990,4,2.0,Tamarron,2031,,2023,,172,104,Sold,,,https://www.redfin.com/TX/Katy/Violet-Sky-Way-77494/home/184915174,HARMLS,66414887,N,Y,29.728096,-95.888235
PAST SALE,November-29-2023,Single Family Residential,2514 Alder Wood Ln,Fulshear,TX,77494,441900,4,3.0,Jordan Ranch,1785,5431,2023,,248,94,Sold,,,https://www.redfin.com/TX/Katy/2514-Alder-Wood-Ln-77494/home/188706732,HARMLS,86089837,N,Y,29.755249,-95.8791016
PAST SALE,October-16-2023,Single Family Residential,30639 Chamomile Bnd,Fulshear,TX,77494,737958,5,6.0,Jordan Ranch,4190,,2023,,176,94,Sold,,,https://www.redfin.com/TX/Katy/30639-Chamomile-Bnd-77494/home/187803624,HARMLS,7878542,N,Y,29.7454195,-95.8979301
PAST SALE,June-15-2023,Single Family Residential,7515 Zion Grove Ct,Katy,TX,77494,535476,4,3.0,Cane Island,2609,,2023,,205,100,Sold,,,https://www.redfin.com/TX/Katy/7515-Zion-Grove-Ct-77493/home/185587624,HARMLS,91068619,N,Y,29.8024311,-95.8527558
PAST SALE,December-29-2023,Single Family Residential,2306 Bluewood Dr,Katy,TX,77493,764675,5,5.5,Cane Island,4101,9451,2023,,186,100,Sold,,,https://www.redfin.com/TX/Katy/2306-Bluewood-Dr-77493/home/181765112,HARMLS,80423769,N,Y,29.8004231,-95.8535431
PAST SALE,September-18-2023,Single Family Residential,24530 Switchgrass Valley Way,Katy,TX,77493,691727,4,3.5,Elyson 65s,3890,11733,2023,,178,112,Sold,,,https://www.redfin.com/TX/Katy/24530-Switchgrass-Valley-Way-77493/home/185540126,HARMLS,66265131,N,Y,29.8805163,-95.8003556
PAST SALE,October-31-2023,Single Family Residential,18447 Windy Knoll Way,Houston,TX,77084,402990,3,2.5,Grand Oaks,2657,,2023,,152,59,Sold,,,https://www.redfin.com/TX/Houston/18447-Windy-Knoll-Way-77084/home/186158582,HARMLS,84843541,N,Y,29.837368,-95.6924582
PAST SALE,March-31-2023,Single Family Residential,436 Bright Lantana Dr,Katy,TX,77493,279900,3,2.0,Freeman Ranch,1570,6194,2023,,178,29,Sold,,,https://www.redfin.com/TX/Katy/436-Bright-Lantana-Dr-77493/home/181767013,HARMLS,76012874,N,Y,29.8656918,-95.8809986
PAST SALE,January-23-2024,Single Family Residential,2518 Riley Creek Ct,Katy,TX,77493,568900,4,3.0,Cane Island,2663,9929,2023,,214,110,Sold,,,https://www.redfin.com/TX/Katy/2518-Riley-Creek-Ct-77493/home/187019404,HARMLS,50085006,N,Y,29.8040463,-95.8524054
PAST SALE,June-25-2023,Single Family Residential,2108 Terra Rose Dr,Katy,TX,77493,374190,4,3.0,Sunterra 50s,2242,,2023,,167,100,Sold,,,https://www.redfin.com/TX/Katy/2108-Terra-Rose-Dr-77493/home/185910246,HARMLS,12261827,N,Y,29.8422261,-95.8453777
PAST SALE,January-26-2024,Single Family Residential,30631 Chamomile Bnd,Fulshear,TX,77423,701017,4,3.5,Jordan Ranch,3009,9383,2023,,233,94,Sold,,,https://www.redfin.com/TX/Fulshear/30631-Chamomile-BND-77423/home/188817197,HARMLS,86329520,N,Y,29.745645,-95.897516
PAST SALE,October-25-2023,Single Family Residential,3510 Sunburst Ct,Katy,TX,77494,387000,4,3.0,Tamarron Sec 13 Amd 1,2662,8201,2020,,145,125,Sold,,,https://www.redfin.com/TX/Katy/3510-Sunburst-Ct-77494/home/173024868,HARMLS,20541169,N,Y,29.7382636,-95.8758438
PAST SALE,July-7-2023,Townhouse,922 Oak Creek Dr,Katy,TX,77450,225000,2,2.0,Mason Crk Village,1116,3583,2007,,202,231,Sold,,,https://www.redfin.com/TX/Katy/922-Oak-Creek-Dr-77450/home/29353511,HARMLS,25945382,N,Y,29.774389,-95.73679
PAST SALE,August-17-2023,Single Family Residential,6723 Pine Haven Ct,Katy,TX,77493,1186900,5,4.5,Cane Island,4891,24559,2023,,243,110,Sold,,,https://www.redfin.com/TX/Katy/6723-Pine-Haven-Ct-77493/home/184542042,HARMLS,69274333,N,Y,29.8130536,-95.8382272
PAST SALE,May-10-2023,Single Family Residential,21714 Ashford Grv,Katy,TX,77450,349999,3,2.5,Oak Park Trails Sec 10,2724,7347,2002,,128,44,Sold,,,https://www.redfin.com/TX/Katy/21714-Ashford-Grv-77450/home/30728426,HARMLS,13889056,N,Y,29.7541305,-95.7473647
PAST SALE,July-3-2023,Single Family Residential,7318 Autumn Sage Dr,Katy,TX,77493,669900,4,3.5,Cane Island,3399,7714,2023,,197,110,Sold,,,https://www.redfin.com/TX/Katy/7318-Autumn-Sage-Dr-77493/home/184583770,HARMLS,59301893,N,Y,29.8145996,-95.8481186
PAST SALE,March-4-2024,Single Family Residential,7610 Zinnia Blossom Ln,Katy,TX,77493,621900,4,3.5,Elyson,3095,7596,2024,,201,115,Sold,,,https://www.redfin.com/TX/Katy/7610-Zinnia-Blossom-LN-77493/home/189599063,HARMLS,45943639,N,Y,29.885156,-95.803125
PAST SALE,May-31-2023,Single Family Residential,1923 Longcroft Ln,Katy,TX,77493,724900,4,3.0,Cane Island,3431,12906,2023,,211,110,Sold,,,https://www.redfin.com/TX/Katy/1923-Longcroft-Ln-77493/home/181765198,HARMLS,19091838,N,Y,29.7977776,-95.8514986
PAST SALE,March-4-2024,Single Family Residential,7623 Aster Hollow Ct,Katy,TX,77493,600900,4,3.5,Elyson,2737,11203,2024,,220,115,Sold,,,https://www.redfin.com/TX/Katy/7623-Aster-Hollow-CT-77493/home/189519555,HARMLS,58790286,N,Y,29.885033,-95.802142
PAST SALE,February-2-2024,Single Family Residential,3215 Overcup Oak Ct,Katy,TX,77493,368255,4,3.0,Morton Creek Ranch,1869,,2023,,197,51,Sold,,,https://www.redfin.com/TX/Katy/3215-Overcup-Oak-Ct-77449/home/188994640,HARMLS,49987722,N,Y,29.8201611,-95.7758141
PAST SALE,February-12-2024,Single Family Residential,1311 Crescent Parkway Ct,Houston,TX,77094,510000,4,2.5,Green Trails Park,2884,,1992,,177,112,Sold,,,https://www.redfin.com/TX/Houston/1311-Crescent-Parkway-Ct-77094/home/30627187,HARMLS,8322505,N,Y,29.7698274,-95.7106718
PAST SALE,January-5-2024,Single Family Residential,2310 Silva Park Ln,Houston,TX,77091,311700,3,2.5,Mansfield Park,1542,1550,2023,,202,100,Sold,,,https://www.redfin.com/TX/Katy/2310-Shelby-Park-Dr-77450/home/182931588,HARMLS,78137188,N,Y,29.7494417,-95.7275757
PAST SALE,February-1-2024,Single Family Residential,28911 Dryander Forest Ct,Katy,TX,77494,400000,3,2.5,Tamarron,2294,8445,2014,,174,104,Sold,,,https://www.redfin.com/TX/Katy/28911-Dryander-Forest-Ct-77494/home/85693117,HARMLS,6143286,N,Y,29.7343575,-95.8729367
PAST SALE,August-25-2023,Single Family Residential,3222 Brush Willow Ct,Katy,TX,77493,423005,4,3.5,Morton Creek Ranch,2620,,2023,,161,51,Sold,,,https://www.redfin.com/TX/Katy/3222-Willow-Ln-77493/home/185592113,HARMLS,92843087,N,Y,29.817504,-95.785111
PAST SALE,August-22-2023,Single Family Residential,3210 Sunny Meadows Ln,Katy,TX,77449,305000,4,2.5,Westfield Sec 19,2532,5750,2004,,120,42,Sold,,,https://www.redfin.com/TX/Katy/3210-Sunny-Meadows-Ln-77449/home/29230630,HARMLS,77460812,N,Y,29.8171427,-95.7130159
PAST SALE,July-7-2023,Single Family Residential,6702 Pine Haven Ct,Katy,TX,77493,1147900,5,5.0,Cane Island,4931,18799,2023,,233,110,Sold,,,https://www.redfin.com/TX/Katy/6702-Pine-Haven-Ct-77493/home/184475008,HARMLS,8934802,N,Y,29.8136598,-95.8367436
PAST SALE,June-30-2023,Single Family Residential,1554 Hoveden Dr,Katy,TX,77450,475000,5,3.5,Nottingham Country,3388,7535,1983,,140,25,Sold,,,https://www.redfin.com/TX/Katy/1554-Hoveden-Dr-77450/home/30454526,HARMLS,63174298,N,Y,29.7626483,-95.7286863
PAST SALE,May-10-2023,Single Family Residential,30851 Boxwood Dr,Fulshear,TX,77423,382990,4,2.0,Jordan Ranch,1908,,2023,,201,88,Sold,,,https://www.redfin.com/TX/Brookshire/30851-Boxwood-Dr-77423/home/185193188,HARMLS,65512140,N,Y,29.756353,-95.881122
PAST SALE,March-27-2023,Single Family Residential,20675 Castle Bend Dr,Katy,TX,77450,465000,4,4.0,Nottingham Country Sec 08 R/p,3695,8004,1981,,126,25,Sold,,,https://www.redfin.com/TX/Katy/20675-Castle-Bend-Dr-77450/home/30454490,HARMLS,95901885,N,Y,29.7636609,-95.7302906
PAST SALE,July-10-2023,Single Family Residential,4810 Copper Manor Ct,Katy,TX,77494,1225000,5,4.5,Cinco Ranch West Sec 28,4936,24100,2007,,248,177,Sold,,,https://www.redfin.com/TX/Katy/4810-Copper-Manor-Ct-77494/home/32607410,HARMLS,83653355,N,Y,29.7289653,-95.7910389
PAST SALE,January-24-2024,Single Family Residential,30615 Cinnamon Grove Ct,Fulshear,TX,77423,780597,4,3.5,Jordan Ranch,4068,11759,2023,,192,94,Sold,,,https://www.redfin.com/TX/Fulshear/30615-Cinnamon-Grove-CT-Unknown/home/188817152,HARMLS,55270621,N,Y,29.755793,-95.88163
PAST SALE,April-12-2023,Single Family Residential,1338 Sherfield Ridge Dr,Katy,TX,77450,449000,4,2.5,Nottingham Country Sec 08 R/p,2948,7920,1989,,152,29,Sold,,,https://www.redfin.com/TX/Katy/1338-Sherfield-Ridge-Dr-77450/home/30454586,HARMLS,8465300,N,Y,29.7636757,-95.7341164
PAST SALE,December-18-2023,Single Family Residential,7531 Pemberley Ct,Katy,TX,77493,715900,5,4.5,Cane Island,3431,21989,2023,,209,110,Sold,,,https://www.redfin.com/TX/Katy/7531-Pemberley-Ct-77493/home/181765225,HARMLS,70905173,N,Y,29.7949779,-95.8502447
PAST SALE,December-29-2023,Single Family Residential,5805 Transformation Trl,Katy,TX,77493,414000,4,2.0,Aurora,3075,,2023,,135,63,Sold,,,https://www.redfin.com/TX/Katy/5805-Transformation-TRL-77493/home/188216302,HARMLS,58092924,N,Y,29.85822,-95.77703
PAST SALE,December-19-2023,Single Family Residential,2487 Solaris Bend Dr,Katy,TX,77493,423902,4,2.5,Sunterra,2552,6865,2023,,166,113,Sold,,,https://www.redfin.com/TX/Katy/2487-Solaris-Bend-Dr-77493/home/187023683,HARMLS,46502928,N,Y,29.834147,-95.866997
PAST SALE,February-29-2024,Single Family Residential,2507 Big Basin Trl,Katy,TX,77493,527900,4,3.0,Cane Island,2474,7104,2024,,213,110,Sold,,,https://www.redfin.com/TX/Katy/2507-Big-Basin-Trl-77493/home/187019535,HARMLS,33349548,N,Y,29.8026463,-95.855023
PAST SALE,November-30-2023,Single Family Residential,6707 Zavala Ct,Katy,TX,77493,933900,5,4.5,Cane Island,4190,14817,2023,,223,110,Sold,,,https://www.redfin.com/TX/Katy/6707-Zavala-Ct-77493/home/181764895,HARMLS,61297536,N,Y,29.8148892,-95.8372325
PAST SALE,October-13-2023,Single Family Residential,3022 Silver Cedar Trl,Katy,TX,77449,265000,3,2.0,Sundown Glen Sec 02 R/p,1808,6552,1993,,147,39,Sold,,,https://www.redfin.com/TX/Katy/3022-Silver-Cedar-Trl-77449/home/30590769,HARMLS,94781939,N,Y,29.8116583,-95.7293856
PAST SALE,March-4-2024,Single Family Residential,1907 Longcroft Ln,Katy,TX,77493,674900,4,3.5,Cane Island,2935,11192,2024,,230,110,Sold,,,https://www.redfin.com/TX/Katy/1907-Longcroft-Ln-77493/home/181765202,HARMLS,59398945,N,Y,29.7970746,-95.8516016
PAST SALE,May-10-2023,Single Family Residential,7610 Zion Grove Ct,Katy,TX,77493,458170,3,2.5,Cane Island,2288,,2023,,200,100,Sold,,,https://www.redfin.com/TX/Katy/7610-Zion-Grove-Ct-77493/home/185358678,HARMLS,92800995,N,Y,29.8028344,-95.8538275
PAST SALE,November-27-2023,Single Family Residential,4607 Dunston Manor St,Katy,TX,77493,456583,3,2.0,Katy Manor,3028,7919,2023,,151,39,Sold,,,https://www.redfin.com/TX/Katy/4607-Dunston-Manor-ST-77493/home/188647656,HARMLS,95832192,N,Y,29.843651,-95.813815
PAST SALE,September-12-2023,Single Family Residential,6715 Pine Haven Ct,Katy,TX,77493,1164900,5,4.5,Cane Island,4931,13234,2023,,236,110,Sold,,,https://www.redfin.com/TX/Katy/6715-Pine-Haven-Ct-77493/home/186337797,HARMLS,59354659,N,Y,29.812992,-95.837616
PAST SALE,March-24-2023,Single Family Residential,25826 Hunter Ln,Katy,TX,77494,1998000,4,4.5,G W Cartwright,5206,43560,2020,,384,,Sold,,,https://www.redfin.com/TX/Katy/25826-Hunter-Ln-77494/home/32776855,HARMLS,30745117,N,Y,29.7482224,-95.8161423
PAST SALE,April-20-2023,Single Family Residential,2526 Velvet Woods Ln,Katy,TX,77493,588815,5,4.5,Morton Creek Ranch,4023,,2023,,146,50,Sold,,,https://www.redfin.com/TX/Katy/2526-Woods-Ln-77494/home/183840570,HARMLS,19881207,N,Y,29.816346,-95.784454
PAST SALE,February-16-2024,Single Family Residential,2626 Elder Rd,Katy,TX,77493,175000,4,2.0,Village Green West,1854,6577,1981,,94,,Sold,,,https://www.redfin.com/TX/Katy/2626-Elder-Rd-77493/home/30475565,HARMLS,66785354,N,Y,29.8122372,-95.8199324
PAST SALE,July-5-2023,Single Family Residential,2919 Orchid Ranch Dr,Katy,TX,77494,360000,3,2.0,Katy Creek Ranch,1900,3900,2021,,189,34,Sold,,,https://www.redfin.com/TX/Katy/2919-Orchid-Ranch-Dr-77494/home/182919851,HARMLS,18814283,N,Y,29.7450835,-95.8039291
PAST SALE,May-8-2023,Single Family Residential,7523 Blue Finch,Katy,TX,77493,763097,4,5.0,Elyson 65s,3737,8884,2023,,204,112,Sold,,,https://www.redfin.com/TX/Katy/7523-Blue-Finch-Ln-77493/home/183977304,HARMLS,23491325,N,Y,29.8824001,-95.7968113
PAST SALE,December-1-2023,Single Family Residential,6711 Nimitz Ct,Katy,TX,77493,1054900,5,5.0,Cane Island,4931,11120,2023,,214,110,Sold,,,https://www.redfin.com/TX/Katy/6711-Nimitz-Ct-77493/home/181764870,HARMLS,44340682,N,Y,29.8142169,-95.8358431
PAST SALE,October-6-2023,Single Family Residential,6310 Belleau Lake Dr,Katy,TX,77493,488790,4,3.5,Katy Lakes,2959,10906,2023,,165,79,Sold,,,https://www.redfin.com/TX/Katy/6310-Belleau-Lake-Dr-77493/home/187364086,HARMLS,24062329,N,Y,29.8649991,-95.7954811
PAST SALE,December-11-2023,Single Family Residential,22819 Williamschase Dr,Katy,TX,77449,225000,3,2.0,Williamschase,1798,6376,1995,,125,29,Sold,,,https://www.redfin.com/TX/Katy/22819-Williamschase-Dr-77449/home/30632543,HARMLS,52202419,N,Y,29.814923,-95.7683539
PAST SALE,May-9-2023,Single Family Residential,851 Marisol Bay Dr,Katy,TX,77493,576165,4,3.5,Sunterra,3238,9078,2023,,178,67,Sold,,,https://www.redfin.com/TX/Katy/851-Marisol-Bay-Dr-77493/home/181775446,HARMLS,14707570,N,Y,29.8426841,-95.8614509
PAST SALE,December-15-2023,Single Family Residential,24910 Hibiscus Garden Way,Katy,TX,77493,567721,5,5.0,Elyson 55s,3222,7269,2023,,176,112,Sold,,,https://www.redfin.com/TX/Katy/24910-Hibiscus-Garden-WAY-77493/home/187245638,HARMLS,38373173,N,Y,29.876088,-95.797824
PAST SALE,June-7-2023,Single Family Residential,25610 Ryans Creek Ct,Katy,TX,77494,685000,4,3.5,Cinco Ranch West,4138,10999,2003,,166,108,Sold,,,https://www.redfin.com/TX/Katy/25610-Ryans-Creek-Ct-77494/home/33133707,HARMLS,51520446,N,Y,29.7264393,-95.7964589
PAST SALE,January-29-2024,Single Family Residential,2389 Seaglass Terrace Dr,Katy,TX,77493,622142,5,4.5,Sunterra,3692,7920,2023,,169,83,Sold,,,https://www.redfin.com/TX/Katy/2389-Seaglass-Terrace-Dr-77493/home/187023558,HARMLS,3036698,N,Y,29.835048,-95.863513
PAST SALE,May-15-2023,Single Family Residential,19903 Mason Creek Dr,Katy,TX,77449,269900,4,2.0,Estates Highland Creek,1714,7318,2000,,157,45,Sold,,,https://www.redfin.com/TX/Katy/19903-Mason-Creek-Dr-77449/home/30692917,HARMLS,82467044,N,Y,29.8719403,-95.7138384
PAST SALE,July-21-2023,Single Family Residential,25015 Blue Mountain Park Ln,Katy,TX,77493,320000,4,2.5,Lakecrest Park,2406,5650,2016,,133,50,Sold,,,https://www.redfin.com/TX/Katy/25015-Blue-Mountain-Park-Ln-77493/home/144612947,HARMLS,56965454,N,Y,29.8079731,-95.8036408
PAST SALE,August-14-2023,Single Family Residential,22834 Orchard Oak Ln,Katy,TX,77450,449500,4,2.5,Cinco Ranch Meadow Place,2498,6900,1994,,180,108,Sold,,,https://www.redfin.com/TX/Katy/22834-Orchard-Oak-Ln-77450/home/30640738,HARMLS,97222620,N,Y,29.758981,-95.7654314
PAST SALE,June-23-2023,Single Family Residential,30243 Lone Peak Dr,Katy,TX,77494,358490,4,2.0,Tamarron,2031,,2023,,177,104,Sold,,,https://www.redfin.com/TX/Katy/30243-Lone-Peak-Dr-77494/home/185364986,HARMLS,40077682,N,Y,29.728179,-95.888213
PAST SALE,November-10-2023,Single Family Residential,7626 Zinnia Blossom Ln,Katy,TX,77493,584900,4,3.0,Elyson,2726,8291,2023,,215,112,Sold,,,https://www.redfin.com/TX/Katy/7626-Zinnia-Blossom-LN-77493/home/188474740,HARMLS,13918845,N,Y,29.793378,-95.825153
PAST SALE,September-1-2023,Single Family Residential,7310 Spring Run Ln,Katy,TX,77494,1020000,5,6.5,Grand Lakes Ph 4 Sec 2,5684,13452,2004,,179,88,Sold,,,https://www.redfin.com/TX/Katy/7310-Spring-Run-Ln-77494/home/32514849,HARMLS,2558567,N,Y,29.722347,-95.7768546
PAST SALE,May-19-2023,Single Family Residential,400 Bright Lantana Dr,Katy,TX,77493,284900,3,2.0,Freeman Ranch,1570,8062,2023,,181,29,Sold,,,https://www.redfin.com/TX/Katy/400-Bright-Lantana-Dr-77493/home/181766993,HARMLS,68857918,N,Y,29.8652623,-95.879514
PAST SALE,March-29-2023,Single Family Residential,19214 Hanston Ct,Houston,TX,77094,549000,5,3.5,Green Trails Park,3402,10281,1994,,161,91,Sold,,,https://www.redfin.com/TX/Houston/19214-Hanston-Ct-77094/home/30653108,HARMLS,46999233,N,Y,29.7707525,-95.7038458
PAST SALE,December-27-2023,Single Family Residential,30502 Lavender Basil Ln,Fulshear,TX,77494,796900,5,4.5,Jordan Ranch,3917,15009,2023,,203,94,Sold,,,https://www.redfin.com/TX/Katy/30502-Lavender-Basil-Ln-77494/home/186145143,HARMLS,31382493,N,Y,29.7469861,-95.8965675
PAST SALE,February-6-2024,Single Family Residential,29403 Pearwood Dr,Fulshear,TX,77494,584900,4,3.0,Jordan Ranch,2949,14594,2023,,198,94,Sold,,,https://www.redfin.com/TX/Katy/29403-Pearwood-Dr-77494/home/189031416,HARMLS,787702,N,Y,29.7482184,-95.8763068
PAST SALE,November-9-2023,Single Family Residential,2434 Alder Wood Ln,Fulshear,TX,77494,399900,3,2.5,Jordan Ranch,1722,6689,2023,,232,94,Sold,,,https://www.redfin.com/TX/Katy/2434-Alder-Wood-Ln-77494/home/188473883,HARMLS,93976728,N,Y,29.7558027,-95.878813
PAST SALE,June-1-2023,Single Family Residential,29322 Mesquite Oaks Dr,Fulshear,TX,77494,393900,3,2.5,Jordan Ranch,1722,6123,2023,,229,94,Sold,,,https://www.redfin.com/TX/Katy/29322-Mesquite-Oaks-Dr-77494/home/184120417,HARMLS,36786395,N,Y,29.7545007,-95.8769516
PAST SALE,July-13-2023,Single Family Residential,3502 Stanbury Place Ln,Katy,TX,77494,615000,5,4.0,Cinco Ranch West Sec 7,3613,9810,2002,,170,93,Sold,,,https://www.redfin.com/TX/Katy/3502-Stanbury-Place-Ln-77494/home/33130879,HARMLS,98655540,N,Y,29.727945,-95.7751461
PAST SALE,November-15-2023,Single Family Residential,5150 Meadowlark Ln,Katy,TX,77493,425000,2,2.0,Eastway Terrace,2327,14000,1998,,183,,Sold,,,https://www.redfin.com/TX/Katy/5150-Meadowlark-Ln-77493/home/30106399,HARMLS,25528205,N,Y,29.7914312,-95.8074187
PAST SALE,February-16-2024,Single Family Residential,4814 Canyon Sage Ln,Katy,TX,77494,479000,4,3.0,Cinco Ranch West Sec 9,2659,8087,2002,,180,104,Sold,,,https://www.redfin.com/TX/Katy/4814-Canyon-Sage-Ln-77494/home/33131374,HARMLS,13434716,N,Y,29.729332,-95.7985796
PAST SALE,April-27-2023,Single Family Residential,24115 Orchard Oriole Ct,Katy,TX,77493,646904,4,3.5,Elyson 60's,3127,8368,2023,,207,215,Sold,,,https://www.redfin.com/TX/Katy/24115-Orchard-Oriole-Ct-77493/home/181792464,HARMLS,29459603,N,Y,29.883018,-95.794958
PAST SALE,July-6-2023,Single Family Residential,18755 Ebony Grove Trl,Cypress,TX,77433,626041,4,3.0,"Bridgeland, Parkland Village",2585,13575,2023,,242,103,Sold,,,https://www.redfin.com/TX/Cypress/Ebony-Grove-Trl-77433/home/186029444,HARMLS,63965926,N,Y,29.72932,-95.82327
PAST SALE,November-14-2023,Single Family Residential,3035 Emerald Field Ln,Fulshear,TX,77423,689916,4,3.5,Jordan Ranch,3297,,2023,,209,88,Sold,,,https://www.redfin.com/TX/Pattison/3035-Emerald-Field-Ln-77423/home/188492158,HARMLS,73195143,N,Y,29.745935,-95.893071
PAST SALE,June-15-2023,Single Family Residential,4034 Mt Everest Way,Katy,TX,77449,295000,3,2.0,Mason Lakes Sec 01 Amd,1605,6048,2005,,184,38,Sold,,,https://www.redfin.com/TX/Katy/4034-Mt-Everest-Way-77449/home/29255175,HARMLS,71375131,N,Y,29.8330386,-95.7481259
PAST SALE,September-28-2023,Single Family Residential,7303 Bayberry Dr,Katy,TX,77493,674900,4,3.5,Cane Island,3095,7441,2023,,218,110,Sold,,,https://www.redfin.com/TX/Katy/7303-Bayberry-Dr-77493/home/187019378,HARMLS,29129949,N,Y,29.8132842,-95.8472943
PAST SALE,May-25-2023,Single Family Residential,1041 Laguna Cove Dr,Katy,TX,77493,309280,4,2.5,Sunterra,1616,,2023,,191,117,Sold,,,https://www.redfin.com/TX/Katy/1041-Laguna-Cove-Dr-77493/home/181775563,HARMLS,98086545,N,Y,29.8418641,-95.8556001
PAST SALE,May-15-2023,Single Family Residential,20810 Hickory Farm Dr,Katy,TX,77449,365000,5,2.5,Raintree Village Sec 03 Prcl R,2480,7088,1995,,147,33,Sold,,,https://www.redfin.com/TX/Katy/20810-Hickory-Farm-Dr-77449/home/30601369,HARMLS,56013533,N,Y,29.8133266,-95.734569
PAST SALE,February-9-2024,Single Family Residential,3335 Hackberry Tree Ln,Katy,TX,77493,358105,4,3.0,Morton Creek Ranch,1869,,2023,,192,51,Sold,,,https://www.redfin.com/TX/Katy/3335-Hackberry-Tree-Ln-77449/home/188994641,HARMLS,38779380,N,Y,29.8201615,-95.7761704
PAST SALE,October-24-2023,Single Family Residential,2503 Summer Peach St,Fulshear,TX,77494,492900,3,2.5,Jordan Ranch,2332,10751,2023,,211,94,Sold,,,https://www.redfin.com/TX/Katy/2503-Summer-Peach-St-77494/home/187458214,HARMLS,98503186,N,Y,29.7556721,-95.877424
PAST SALE,August-16-2023,Single Family Residential,1524 Dawn Harbor Dr,Katy,TX,77493,376990,4,3.0,Sunterra,1869,,2023,,202,83,Sold,,,https://www.redfin.com/TX/Katy/1524-Dawn-Harbor-Dr-77493/home/185181441,HARMLS,69187345,N,Y,29.8439279,-95.8476446
PAST SALE,July-5-2023,Single Family Residential,29315 Mesquite Oaks Dr,Fulshear,TX,77494,359900,3,2.0,Jordan Ranch,1500,5658,2023,,240,94,Sold,,,https://www.redfin.com/TX/Katy/29315-Mesquite-Oaks-Dr-77494/home/184583731,HARMLS,47259009,N,Y,29.7539393,-95.8766853
PAST SALE,March-27-2023,Single Family Residential,5110 Peabody Hill Ln,Katy,TX,77494,415000,4,3.0,Cinco West at Seven Meadows,2460,7492,2006,,169,93,Sold,,,https://www.redfin.com/TX/Katy/5110-Peabody-Hill-Ln-77494/home/32645308,HARMLS,10206185,N,Y,29.7175494,-95.8066887
PAST SALE,April-12-2023,Single Family Residential,19522 Little Pine Ln,Katy,TX,77449,300000,4,2.5,Plantation Lakes Sec 06,2533,5280,2010,,118,41,Sold,,,https://www.redfin.com/TX/Katy/19522-Little-Pine-Ln-77449/home/40204233,HARMLS,32666955,N,Y,29.8630394,-95.7115408
PAST SALE,June-6-2023,Single Family Residential,3907 Belvoir Park Dr,Katy,TX,77450,495000,3,2.5,Greens At Willow Fork Sec 1,2479,13817,1997,,200,127,Sold,,,https://www.redfin.com/TX/Katy/3907-Belvoir-Park-Dr-77450/home/32877743,HARMLS,96261371,N,Y,29.7362531,-95.7374899
PAST SALE,May-26-2023,Single Family Residential,1019 Western Hills Dr,Katy,TX,77450,237900,3,2.0,Silverstone,1250,6090,1978,,190,35,Sold,,,https://www.redfin.com/TX/Katy/1019-Western-Hills-Dr-77450/home/30389193,HARMLS,90530928,N,Y,29.7649513,-95.7546072
PAST SALE,August-31-2023,Single Family Residential,7331 Bartoncliff Dr,Katy,TX,77493,372990,5,3.5,Winward,2721,,2023,,137,63,Sold,,,https://www.redfin.com/TX/Katy/7331-Bartoncliff-DR-77493/home/185368357,HARMLS,97041934,N,Y,29.887,-95.8347
PAST SALE,December-14-2023,Single Family Residential,27306 Aspen Falls Ln,Fulshear,TX,77441,365000,3,2.0,Cross Creek,1915,7401,2013,,191,108,Sold,,,https://www.redfin.com/TX/Fulshear/27306-Aspen-Falls-Ln-77441/home/52395229,HARMLS,43433199,N,Y,29.7159824,-95.8485102
PAST SALE,April-12-2023,Single Family Residential,20802 Baronsledge Ln,Katy,TX,77449,300000,4,2.5,Bhridgewaer Mdw Sec 2,2940,5583,2006,,102,41,Sold,,,https://www.redfin.com/TX/Katy/20802-Baronsledge-Ln-77449/home/29488101,HARMLS,41626479,N,Y,29.8267255,-95.7362968
PAST SALE,November-15-2023,Single Family Residential,2026 Edendale Cir,Katy,TX,77450,449000,4,2.5,Oak Park Trls Sec 1,2558,10388,1999,,176,46,Sold,,,https://www.redfin.com/TX/Katy/2026-Edendale-Cir-77450/home/30655504,HARMLS,15521836,N,Y,29.752037,-95.7478173
PAST SALE,January-10-2024,Single Family Residential,27314 Clear Breeze Dr,Katy,TX,77493,373990,5,3.0,Sunterra,2722,,2023,,137,97,Sold,,,https://www.redfin.com/TX/New-Caney/27314-Clear-Breeze-DR-77357/home/187686759,HARMLS,36791898,N,Y,29.868456,-95.835384
PAST SALE,November-28-2023,Single Family Residential,27146 Breakaway Ln,Katy,TX,77493,325000,4,2.0,Sunterra,1863,,2023,,174,100,Sold,,,https://www.redfin.com/TX/Katy/27146-Breakaway-LN-77493/home/187665288,HARMLS,90080070,N,Y,29.840787,-95.872083
PAST SALE,May-31-2023,Single Family Residential,19506 Knightsridge Ln,Houston,TX,77094,525000,4,3.5,Green Trails Village,3013,8845,1989,,174,108,Sold,,,https://www.redfin.com/TX/Houston/19506-Knightsridge-Ln-77094/home/30609781,HARMLS,66684865,N,Y,29.7620718,-95.7086157
PAST SALE,March-21-2023,Single Family Residential,24426 Gleaming Glen Ct,Katy,TX,77493,457990,4,3.5,Elyson,2562,7064,2022,,179,107,Sold,,,https://www.redfin.com/TX/Unknown/24426-Markstone-Glen-Ct-77493/home/183049475,HARMLS,36338337,N,Y,29.83678,-95.79133
PAST SALE,April-12-2023,Single Family Residential,22530 Cove Hollow Dr,Katy,TX,77450,400000,4,2.5,Cornerstone Place Sec 01,2306,6901,1987,,173,60,Sold,,,https://www.redfin.com/TX/Katy/22530-Cove-Hollow-Dr-77450/home/30546947,HARMLS,87565383,N,Y,29.7560351,-95.7616448
PAST SALE,August-4-2023,Single Family Residential,7410 Clover Chase Dr,Katy,TX,77493,250000,3,2.0,Winward,1311,,2023,,191,63,Sold,,,https://www.redfin.com/TX/Katy/7410-Clover-Chase-Dr-77493/home/185446623,HARMLS,90653672,N,Y,29.8813271,-95.8381654
PAST SALE,June-8-2023,Single Family Residential,20006 Gablepoint Dr,Katy,TX,77450,920000,5,4.5,Kelliwood Sec 04,6700,12648,1989,,137,50,Sold,,,https://www.redfin.com/TX/Katy/20006-Gable-Point-Dr-77450/home/30613121,HARMLS,50931047,N,Y,29.7692639,-95.719555
PAST SALE,April-6-2023,Single Family Residential,25111 Aldenshire Ct,Katy,TX,77494,420000,2,2.0,Heritage Grand,2215,6905,2006,,190,313,Sold,,,https://www.redfin.com/TX/Katy/25111-Aldenshire-Ct-77494/home/32534248,HARMLS,9167892,N,Y,29.725415,-95.7856036
PAST SALE,August-4-2023,Single Family Residential,18919 N Lyford Dr,Katy,TX,77449,250000,3,2.0,Brenwood Village Sec 03,1482,4278,2008,,169,21,Sold,,,https://www.redfin.com/TX/Katy/18919-N-Lyford-Dr-77449/home/29593294,HARMLS,71729197,N,Y,29.8621348,-95.6988708
PAST SALE,September-15-2023,Single Family Residential,24502 Green Buffalograss Trl,Katy,TX,77493,849887,5,5.5,Elyson 60's,3822,8722,2023,,222,112,Sold,,,https://www.redfin.com/TX/Unknown/24502-Green-Buffalograss-Trl-77493/home/186033471,HARMLS,63579532,N,Y,29.87916,-95.79716
PAST SALE,May-4-2023,Single Family Residential,23807 Wispy Way,Katy,TX,77494,450000,4,2.5,Seven Meadows,2469,7230,2004,,182,100,Sold,,,https://www.redfin.com/TX/Katy/23807-Wispy-Way-77494/home/33152249,HARMLS,45585806,N,Y,29.7037249,-95.7874509
PAST SALE,June-20-2023,Single Family Residential,1419 Hidden Canyon Rd,Katy,TX,77450,275000,3,2.0,Creekstone Sec 03,1828,6600,1996,,150,35,Sold,,,https://www.redfin.com/TX/Katy/1419-Hidden-Canyon-Rd-77450/home/30567883,HARMLS,92169969,N,Y,29.7601382,-95.7585169
PAST SALE,July-26-2023,Single Family Residential,3227 Dawn Redwood Ln,Katy,TX,77493,453665,4,2.5,Morton Creek Ranch,2786,,2023,,163,51,Sold,,,https://www.redfin.com/TX/Katy/3227-Dawn-Redwood-Ln-77449/home/185506156,HARMLS,84628670,N,Y,29.8197232,-95.7748549
PAST SALE,March-13-2024,Single Family Residential,21206 Park Bend Dr,Katy,TX,77450,224500,4,2.5,Memorial Pkwy Sec 06 R/p,2194,7410,1979,,102,425,Sold,,,https://www.redfin.com/TX/Katy/21206-Park-Bend-Dr-77450/home/30402382,HARMLS,39442985,N,Y,29.7652066,-95.7372842
PAST SALE,August-10-2023,Single Family Residential,18307 Windy Knoll Way,Houston,TX,77084,444990,4,3.5,Grand Oaks,2767,,2023,,161,59,Sold,,,https://www.redfin.com/TX/Houston/18307-Windy-Knoll-Way-77084/home/184810489,HARMLS,24960837,N,Y,29.8413341,-95.6907725
PAST SALE,July-18-2023,Single Family Residential,20038 S Pecos Valley Trl,Katy,TX,77449,235000,3,2.0,Sundown Sec 02 R/p,1718,7456,1983,,137,33,Sold,,,https://www.redfin.com/TX/Katy/20038-S-Pecos-Valley-Trl-77449/home/30504437,HARMLS,76133871,N,Y,29.7947961,-95.7243262
PAST SALE,August-4-2023,Single Family Residential,29314 Mesquite Oaks Dr,Fulshear,TX,77494,392900,3,2.5,Jordan Ranch,1743,5920,2023,,225,94,Sold,,,https://www.redfin.com/TX/Katy/29314-Mesquite-Oaks-Dr-77494/home/184814609,HARMLS,95152162,N,Y,29.7545015,-95.8766889
PAST SALE,May-24-2023,Single Family Residential,27007 Jasmine Breeze Dr,Katy,TX,77493,285990,4,2.5,Winward,2293,,2022,,125,63,Sold,,,https://www.redfin.com/TX/Katy/27007-Jasmine-Breeze-Dr-77493/home/183590598,HARMLS,78468387,N,Y,29.8822904,-95.8392987
PAST SALE,January-18-2024,Single Family Residential,5318 Little John Ln,Katy,TX,77493,265000,3,2.0,Katyland,1433,7150,1973,,185,10,Sold,,,https://www.redfin.com/TX/Katy/5318-Little-John-Ln-77493/home/30280013,HARMLS,69840929,N,Y,29.7918357,-95.8118834
PAST SALE,October-2-2023,Single Family Residential,2056 Terra Rose Dr,Katy,TX,77493,484990,4,3.0,Sunterra 50s,3185,9134,2023,,152,67,Sold,,,https://www.redfin.com/TX/Katy/2056-Terra-Rose-Dr-77493/home/186057668,HARMLS,91745224,N,Y,29.8415408,-95.8466142
PAST SALE,July-31-2023,Single Family Residential,4342 Kircher Park Ln,Katy,TX,77494,387970,4,2.5,Tamarron,2452,,2023,,158,104,Sold,,,https://www.redfin.com/TX/Fulshear/4342-Kircher-Park-Ln-77494/home/185219508,HARMLS,7125442,N,Y,29.728182,-95.888161
PAST SALE,June-9-2023,Single Family Residential,26815 Jasmine Breeze Dr,Katy,TX,77493,227990,3,2.0,Winward,1186,,2023,,192,63,Sold,,,https://www.redfin.com/TX/Katy/26815-Jasmine-Breeze-Dr-77493/home/184203613,HARMLS,82837155,N,Y,29.8820782,-95.8384951
PAST SALE,July-24-2023,Single Family Residential,3003 Overbrook Meadow Ln,Katy,TX,77494,415000,3,2.5,Silver Ranch Sec 11,2291,6945,2015,,181,73,Sold,,,https://www.redfin.com/TX/Katy/3003-Overbrook-Meadow-Ln-77494/home/109808007,HARMLS,42381883,N,Y,29.7417092,-95.8345802
PAST SALE,April-14-2023,Single Family Residential,27014 Jasmine Breeze Dr,Katy,TX,77493,233990,3,2.0,Winward,1186,,2023,,197,63,Sold,,,https://www.redfin.com/TX/Katy/27014-Jasmine-Breeze-Dr-77493/home/183861949,HARMLS,18489095,N,Y,29.8827496,-95.8396078
PAST SALE,February-27-2024,Single Family Residential,27023 Wandering Glen Ln,Katy,TX,77493,340000,4,2.0,Sunterra,1908,,2023,,178,100,Sold,,,https://www.redfin.com/TX/Katy/27023-Wandering-Glen-LN-Unknown/home/188991627,HARMLS,33893336,N,Y,29.846571,-95.842155
PAST SALE,June-15-2023,Single Family Residential,4111 Camden Bend Ct,Katy,TX,77450,900000,5,3.5,Cinco At Willow Fork,4688,11799,2003,,192,92,Sold,,,https://www.redfin.com/TX/Katy/4111-Camden-Bend-Ct-77450/home/33127733,HARMLS,26946864,N,Y,29.7296866,-95.7527142
PAST SALE,July-7-2023,Single Family Residential,3302 Jan Ct,Katy,TX,77493,240000,3,2.0,Heritage Park West Sec 01,1542,5000,1997,,156,27,Sold,,,https://www.redfin.com/TX/Katy/3302-Jan-Ct-77493/home/30590049,HARMLS,27812655,N,Y,29.8211786,-95.8107665
PAST SALE,June-30-2023,Single Family Residential,23622 Cherry Green Way,Katy,TX,77493,430000,4,3.5,Morton Creek Ranch,2892,6000,2019,,149,50,Sold,,,https://www.redfin.com/TX/Katy/23622-Cherry-Green-Way-77493/home/160936147,HARMLS,48306475,N,Y,29.815668,-95.7848418
PAST SALE,July-25-2023,Single Family Residential,1011 Portrush Ct,Katy,TX,77494,525000,4,3.5,Falcon Point,3311,10169,1998,,159,61,Sold,,,https://www.redfin.com/TX/Katy/1011-Portrush-Ct-77494/home/32857218,HARMLS,6434259,N,Y,29.7659585,-95.7884035
PAST SALE,November-6-2023,Single Family Residential,26711 Paloma Blanca Dr,Katy,TX,77493,255000,3,2.0,Winward,1461,,2023,,175,63,Sold,,,https://www.redfin.com/TX/Katy/26711-Paloma-Blanca-DR-77493/home/185681318,HARMLS,87837478,N,Y,29.8866,-95.8344
PAST SALE,April-27-2023,Single Family Residential,7403 Bridal Ranch Dr,Katy,TX,77493,300000,4,2.0,Winward,1932,,2023,,155,63,Sold,,,https://www.redfin.com/TX/Katy/Bridal-Ranch-Dr-77493/home/184880507,HARMLS,23977657,N,Y,29.887,-95.8347
PAST SALE,April-10-2023,Single Family Residential,2315 Buckskin Ln,Katy,TX,77493,349900,3,2.5,Fawnlake,2166,8488,2003,,162,46,Sold,,,https://www.redfin.com/TX/Katy/2315-Buckskin-Ln-77493/home/29230489,HARMLS,45557684,N,Y,29.8066388,-95.8268335
PAST SALE,August-10-2023,Single Family Residential,2410 Grey Reef Dr,Katy,TX,77449,295000,3,2.0,Lakes/mason Park Sec 3,1661,5483,2014,,178,40,Sold,,,https://www.redfin.com/TX/Katy/2410-Grey-Reef-Dr-77449/home/63700869,HARMLS,11796323,N,Y,29.8084186,-95.7586533
PAST SALE,February-2-2024,Single Family Residential,5331 Acapulco Mist Dr,Katy,TX,77493,507273,5,4.0,Sunterra,3256,10495,2023,,156,111,Sold,,,https://www.redfin.com/TX/Katy/5331-Acapulco-Mist-DR-77493/home/183053291,HARMLS,96655926,N,Y,29.832787,-95.855923
PAST SALE,March-24-2023,Single Family Residential,8815 Black Cherry Xing,Katy,TX,77494,900000,5,4.5,Seven Meadows Sec 17,5019,16709,2007,,179,100,Sold,,,https://www.redfin.com/TX/Katy/8815-Black-Cherry-Xing-77494/home/32629691,HARMLS,50934141,N,Y,29.7128958,-95.8032907
PAST SALE,August-3-2023,Single Family Residential,21643 Manitou Falls Ln,Katy,TX,77449,325000,4,2.5,Lakes Bridgewater Sec 10,3524,6050,2004,,92,46,Sold,,,https://www.redfin.com/TX/Katy/21643-Manitou-Falls-Ln-77449/home/29197935,HARMLS,47812733,N,Y,29.817653,-95.7475498
PAST SALE,April-10-2023,Single Family Residential,6227 Scotchwood Dr,Katy,TX,77449,210000,3,2.5,Brenwood Park Sec 01,1610,5000,2004,,130,25,Sold,,,https://www.redfin.com/TX/Katy/6227-Scotchwood-Dr-77449/home/29264566,HARMLS,35470814,N,Y,29.8603479,-95.6996487
PAST SALE,August-28-2023,Single Family Residential,19711 Greenside Hill Ln,Katy,TX,77449,285000,3,2.0,Plantation Lakes Sec 01,1814,6943,2004,,157,40,Sold,,,https://www.redfin.com/TX/Katy/19711-Greenside-Hill-Ln-77449/home/29282189,HARMLS,91284992,N,Y,29.8558835,-95.7160307
PAST SALE,June-9-2023,Single Family Residential,23414 Fairway Valley Ln,Katy,TX,77494,975000,4,3.5,Seven Meadows Sec 3,5124,13049,2005,,190,100,Sold,,,https://www.redfin.com/TX/Katy/23414-Fairway-Valley-Ln-77494/home/32550538,HARMLS,57501167,N,Y,29.7111979,-95.7843478
PAST SALE,January-30-2024,Single Family Residential,29803 Ousel Falls Ln,Katy,TX,77494,357990,4,3.0,Tamarron,2199,7917,2024,,163,104,Sold,,,https://www.redfin.com/TX/Katy/29803-Ousel-Falls-Ln-77494/home/187763919,HARMLS,84553154,N,Y,29.728089,-95.888206
PAST SALE,March-4-2024,Single Family Residential,3411 Baden Oaks Ct,Katy,TX,77494,435000,4,2.5,Cinco Ranch,2432,9151,1997,,179,121,Sold,,,https://www.redfin.com/TX/Katy/3411-Baden-Oaks-Ct-77494/home/32833536,HARMLS,70694516,N,Y,29.7359249,-95.7658431
PAST SALE,June-22-2023,Single Family Residential,19310 Coppervine Ln,Houston,TX,77084,260000,3,2.5,Westlake Village,2297,5775,1983,,113,25,Sold,,,https://www.redfin.com/TX/Houston/19310-Coppervine-Ln-77084/home/30471087,HARMLS,54501210,N,Y,29.7934123,-95.709397
PAST SALE,January-26-2024,Single Family Residential,7326 Greenbriar Canyon Ln,Katy,TX,77493,299990,4,2.0,Winward,1683,,2023,,178,63,Sold,,,https://www.redfin.com/TX/Katy/7326-Greenbriar-Canyon-Ln-77493/home/188621456,HARMLS,48931682,N,Y,29.8820713,-95.8377841
PAST SALE,June-8-2023,Single Family Residential,5602 Bent Arbor Ln,Katy,TX,77450,600000,4,3.5,Grand Lakes Ph Three Sec 3,3259,14730,2002,,184,96,Sold,,,https://www.redfin.com/TX/Katy/5602-Bent-Arbor-Ln-77450/home/33142545,HARMLS,39947445,N,Y,29.7141133,-95.7613978
PAST SALE,November-13-2023,Single Family Residential,7215 Prairie Heights Dr,Katy,TX,77493,475935,4,3.0,Elyson,2425,5748,2023,,196,104,Sold,,,https://www.redfin.com/TX/Katy/7215-Prairie-Heights-Dr-77493/home/186376244,HARMLS,51127649,N,Y,29.8769253,-95.7946656
PAST SALE,September-15-2023,Single Family Residential,2381 Seaglass Terrace Dr,Katy,TX,77493,548207,3,2.5,Sunterra,3087,7490,2023,,178,100,Sold,,,https://www.redfin.com/TX/Katy/2381-Seaglass-Terrace-Dr-77493/home/185381375,HARMLS,93299086,N,Y,29.8351685,-95.8638658
PAST SALE,May-5-2023,Single Family Residential,4814 Lennon Park Ct,Katy,TX,77494,495000,4,3.0,Cinco Ranch Southwest Sec 59,2956,7175,2012,,167,100,Sold,,,https://www.redfin.com/TX/Katy/4814-Lennon-Park-Ct-77494/home/45364994,HARMLS,34299057,N,Y,29.7181883,-95.8352807
PAST SALE,September-5-2023,Single Family Residential,22623 Braken Carter Ln,Katy,TX,77449,220900,3,2.0,Williamsburg Colony Sec 01 R/p,1300,5985,1978,,170,33,Sold,,,https://www.redfin.com/TX/Katy/22623-Braken-Carter-Ln-77449/home/30365970,HARMLS,57975693,N,Y,29.8038219,-95.7650816
PAST SALE,July-21-2023,Single Family Residential,2634 Silky Ct,Katy,TX,77449,275000,3,2.0,Lakes/mason Park Sec 2,1580,5500,2013,,174,40,Sold,,,https://www.redfin.com/TX/Katy/2634-Silky-Ct-77449/home/52544673,HARMLS,22060560,N,Y,29.812415,-95.7586815
PAST SALE,May-5-2023,Single Family Residential,19747 Cozy Cabbin Dr,Katy,TX,77449,207500,3,2.0,Plantation Lakes Sec 3,1221,5040,2005,,170,,Sold,,,https://www.redfin.com/TX/Katy/19747-Cozy-Cabbin-Dr-77449/home/29319089,HARMLS,19695175,N,Y,29.8581138,-95.7170783
PAST SALE,January-12-2024,Single Family Residential,2122 Taylor Marie Trl,Katy,TX,77494,630000,4,4.0,Firethorne West,3411,7712,2022,,185,71,Sold,,,https://www.redfin.com/TX/Katy/2122-Taylor-Marie-Trl-77494/home/173011217,HARMLS,24464739,N,Y,29.7605177,-95.8729577
PAST SALE,July-31-2023,Single Family Residential,21407 Delta Spring Ln,Katy,TX,77450,669000,4,3.5,Grand Lakes Ph Three Sec 11,3477,8415,2007,,192,96,Sold,,,https://www.redfin.com/TX/Katy/21407-Delta-Spring-Ln-77450/home/32615150,HARMLS,89738434,N,Y,29.7154808,-95.7546951
PAST SALE,January-18-2024,Single Family Residential,1918 Kessler Point Pl,Katy,TX,77493,800000,5,5.5,Cane Island,4138,10258,2022,,193,100,Sold,,,https://www.redfin.com/TX/Katy/1918-Kessler-Point-Pl-77493/home/181764794,HARMLS,84912435,N,Y,29.7977749,-95.84952
PAST SALE,March-21-2023,Single Family Residential,30035 Reagans Rnch,Katy,TX,77494,338990,4,2.0,Tamarron,2031,,2022,,167,104,Sold,,,https://www.redfin.com/TX/Katy/30035-Reagans-Ranch-Dr-77494/home/183575887,HARMLS,18017139,N,Y,29.728001,-95.888197
PAST SALE,May-17-2023,Single Family Residential,2726 Village Ct,Katy,TX,77493,219000,4,2.0,Village Green West,1540,8565,1983,,142,,Sold,,,https://www.redfin.com/TX/Katy/2726-Village-Ct-77493/home/30475524,HARMLS,56865028,N,Y,29.8137659,-95.8183689
PAST SALE,February-27-2024,Single Family Residential,27122 Angel Creek Ln,Katy,TX,77493,343990,3,2.0,Sunterra,1792,,2023,,192,100,Sold,,,https://www.redfin.com/TX/Katy/27122-Angel-Creek-LN-77493/home/188994069,HARMLS,89951408,N,Y,29.846569,-95.842599
PAST SALE,May-19-2023,Single Family Residential,1302 Brook Grove Dr,Katy,TX,77450,279900,3,2.0,Creekstone Sec 03,1828,6600,1995,,153,39,Sold,,,https://www.redfin.com/TX/Katy/1302-Brook-Grove-Dr-77450/home/30567924,HARMLS,23560238,N,Y,29.7624477,-95.7634247
PAST SALE,June-28-2023,Townhouse,20914 Sunrise Pine View Ln,Katy,TX,77450,299900,2,2.0,Pines on Westgreen,1729,3000,2007,,173,231,Sold,,,https://www.redfin.com/TX/Katy/20914-Sunrise-Pine-View-Ln-77450/home/29518946,HARMLS,78008577,N,Y,29.7733256,-95.7367928
PAST SALE,September-8-2023,Single Family Residential,4206 Ponderosa Hills Ln,Katy,TX,77494,325000,3,2.0,Pine Mill Ranch,1665,5114,2012,,195,63,Sold,,,https://www.redfin.com/TX/Katy/4206-Ponderosa-Hills-Ln-77494/home/43490711,HARMLS,50387771,N,Y,29.7247859,-95.8410933
PAST SALE,June-6-2023,Single Family Residential,20811 Winlock Trace Dr,Katy,TX,77450,524900,4,3.5,Cinco Ranch Meadow Place Sec 5,3319,7983,1999,,158,75,Sold,,,https://www.redfin.com/TX/Katy/20811-Winlock-Trace-Dr-77450/home/33092626,HARMLS,47243101,N,Y,29.7166594,-95.749246
PAST SALE,May-15-2023,Single Family Residential,26919 Camirillo Creek Ln,Katy,TX,77494,465965,3,2.0,Cinco Ranch Southwest Sec 63,2273,6600,2013,,205,118,Sold,,,https://www.redfin.com/TX/Katy/26919-Camirillo-Creek-Ln-77494/home/45365210,HARMLS,60643063,N,Y,29.7187073,-95.812682
PAST SALE,July-24-2023,Single Family Residential,22422 Caroline Cove Ln,Katy,TX,77450,675000,4,3.5,Cinco Ranch Greenway Village,3388,9352,1998,,199,108,Sold,,,https://www.redfin.com/TX/Katy/22422-Caroline-Cove-Ln-77450/home/33090875,HARMLS,18579857,N,Y,29.7219585,-95.7583111
PAST SALE,May-8-2023,Single Family Residential,5307 Portage Rock Ln,Katy,TX,77450,519900,5,3.5,Cinco Ranch Greenway Village Sec 11,3242,7886,2001,,160,108,Sold,,,https://www.redfin.com/TX/Katy/5307-Portage-Rock-Ln-77450/home/33091325,HARMLS,761784,N,Y,29.7229975,-95.7431883
PAST SALE,December-8-2023,Single Family Residential,23039 Enchanted Landing Ln,Katy,TX,77494,634900,5,3.5,Cinco Ranch Greenway Village Sec 9,3242,8915,1997,,196,108,Sold,,,https://www.redfin.com/TX/Katy/23039-Enchanted-Landing-Ln-77494/home/32832127,HARMLS,96135622,N,Y,29.7395397,-95.7677365
PAST SALE,July-3-2023,Single Family Residential,5122 Carriage Bend Dr,Katy,TX,77450,555500,4,3.0,Cinco Ranch Greenway Village Sec 11,3444,8897,2001,,161,108,Sold,,,https://www.redfin.com/TX/Katy/5122-Carriage-Bend-Dr-77450/home/33091289,HARMLS,16765658,N,Y,29.7208112,-95.7462948
PAST SALE,October-20-2023,Single Family Residential,3315 Rainshore Dr,Katy,TX,77449,280000,3,2.5,Raintree Village Sec 05,2170,4950,2003,,129,38,Sold,,,https://www.redfin.com/TX/Katy/3315-Rainshore-Dr-77449/home/29259355,HARMLS,94745469,N,Y,29.8182724,-95.7337873
PAST SALE,February-27-2024,Single Family Residential,2469 Fairway Harbor Dr,Katy,TX,77493,384942,4,3.0,Sunterra,1861,5490,2024,,207,83,Sold,,,https://www.redfin.com/TX/Katy/2469-Fairway-Harbor-Dr-77493/home/187023640,HARMLS,83338036,N,Y,29.836639,-95.865516
PAST SALE,August-23-2023,Single Family Residential,26723 Whitetail Springs Ct,Katy,TX,77494,599999,4,3.5,Pine Mill Ranch,4259,7634,2011,,141,63,Sold,,,https://www.redfin.com/TX/Katy/26723-Whitetail-Springs-Ct-77494/home/32707777,HARMLS,25747352,N,Y,29.7285847,-95.8321283
PAST SALE,September-15-2023,Single Family Residential,24407 Stanwick Crossing Ln,Katy,TX,77494,430000,4,3.5,Cinco Ranch Southwest Sec 23,2636,6702,2009,,163,,Sold,,,https://www.redfin.com/TX/Katy/24407-Stanwick-Crossing-Ln-77494/home/32693018,HARMLS,21169986,N,Y,29.7044593,-95.8007989
PAST SALE,February-9-2024,Single Family Residential,18623 Seaton Dr,Katy,TX,77449,199900,3,2.0,Brenwood Sec 03 02 Prcl R/p,1296,6355,1998,,154,35,Sold,,,https://www.redfin.com/TX/Katy/18623-Seaton-Dr-77449/home/30584621,HARMLS,10275641,N,Y,29.8614718,-95.6943894
PAST SALE,May-31-2023,Single Family Residential,24803 Puccini Pl,Katy,TX,77493,380000,4,3.5,Camillo Lakes,2971,6329,2019,,128,71,Sold,,,https://www.redfin.com/TX/Katy/24803-Puccini-Pl-77493/home/170253532,HARMLS,83880897,N,Y,29.8268388,-95.8034554
PAST SALE,December-8-2023,Single Family Residential,5526 Cherish Trl,Katy,TX,77494,449900,4,2.5,Seven Meadows,2705,8145,2007,,166,100,Sold,,,https://www.redfin.com/TX/Katy/5526-Cherish-Trl-77494/home/32628232,HARMLS,283010,N,Y,29.7173649,-95.7954451
PAST SALE,November-3-2023,Single Family Residential,29903 Ousel Falls Ln,Katy,TX,77494,315990,3,2.0,Tamarron,1575,,2023,,201,104,Sold,,,https://www.redfin.com/TX/Katy/29903-Ousel-Falls-LN-77494/home/187291689,HARMLS,4462376,N,Y,29.727973,-95.888176
PAST SALE,July-12-2023,Single Family Residential,3510 Dripping Point Ln,Katy,TX,77494,399000,4,2.5,Pine Mill Ranch Sec 2,2730,4883,2008,,146,66,Sold,,,https://www.redfin.com/TX/Katy/3510-Dripping-Point-Ln-77494/home/32668932,HARMLS,753670,N,Y,29.7316808,-95.8289289
PAST SALE,July-24-2023,Single Family Residential,3511 Satton Ranch Ln,Fulshear,TX,77441,579000,4,3.5,Cross Creek Ranch,3013,8011,2015,,192,108,Sold,,,https://www.redfin.com/TX/Fulshear/3511-Satton-Ranch-Ln-77441/home/77505040,HARMLS,78462581,N,Y,29.7316559,-95.855023
PAST SALE,April-28-2023,Single Family Residential,3333 Jessica Ct,Katy,TX,77493,280000,3,2.5,Heritage Park West Sec 03,2092,7770,2000,,134,26,Sold,,,https://www.redfin.com/TX/Katy/3333-Jessica-Ct-77493/home/30683154,HARMLS,96182763,N,Y,29.8219179,-95.8088099
PAST SALE,August-4-2023,Single Family Residential,1520 Twilight Green Dr,Katy,TX,77493,335000,4,2.5,Sunterra,2135,,2023,,157,100,Sold,,,https://www.redfin.com/TX/Katy/1520-Twilight-Green-Dr-77493/home/185429480,HARMLS,20150554,N,Y,29.8439701,-95.8497467
PAST SALE,August-24-2023,Single Family Residential,5914 Coral Springs Ct,Katy,TX,77494,475000,3,2.0,Grand Lakes Sec 5,2295,8990,2000,,207,88,Sold,,,https://www.redfin.com/TX/Katy/5914-Coral-Springs-Ct-77494/home/33117825,HARMLS,17450327,N,Y,29.709359,-95.7658728
PAST SALE,July-5-2023,Single Family Residential,19910 Sable Stone Cir,Katy,TX,77450,679000,4,4.0,Lakes Buckingham Kelliwood,3646,9679,2001,,186,276,Sold,,,https://www.redfin.com/TX/Katy/19910-Sable-Stone-Cir-77450/home/30683184,HARMLS,41369416,N,Y,29.7504122,-95.7187311
PAST SALE,April-14-2023,Single Family Residential,27815 Tamara Branch Ln,Katy,TX,77494,699900,5,4.5,Cinco Ranch Northwest Sec 7,3791,8389,2014,,185,96,Sold,,,https://www.redfin.com/TX/Katy/27815-Tamara-Branch-Ln-77494/home/52397085,HARMLS,41930485,N,Y,29.7388491,-95.8513955
PAST SALE,April-27-2023,Single Family Residential,23306 Verita Ct,Richmond,TX,77406,349900,3,2.0,Lakes Of Bella Terra Sec 34,1872,6263,2015,,187,89,Sold,,,https://www.redfin.com/TX/Richmond/23306-Verita-Ct-77406/home/109805956,HARMLS,56020973,N,Y,29.698442,-95.7816098
PAST SALE,November-16-2023,Single Family Residential,20803 Indigo River Ln,Katy,TX,77449,212000,3,2.0,Highland Crk Ranch Sec 05,1196,4760,2009,,177,50,Sold,,,https://www.redfin.com/TX/Katy/20803-Indigo-River-Ln-77449/home/34180020,HARMLS,53616347,N,Y,29.876346,-95.7275757
PAST SALE,May-12-2023,Single Family Residential,1318 Ragsdale Ln,Katy,TX,77494,400000,4,2.0,Cinco Ranch Meadow Place Sec 0,2173,8380,1998,,184,108,Sold,,,https://www.redfin.com/TX/Katy/1318-Ragsdale-Ln-77494/home/30665686,HARMLS,82869626,N,Y,29.7617688,-95.7723263
PAST SALE,February-27-2024,Single Family Residential,27114 Angel Creek Ln,Katy,TX,77493,363990,3,2.0,Sunterra,1880,,2023,,194,100,Sold,,,https://www.redfin.com/TX/Katy/27114-Angel-Creek-LN-Unknown/home/189542040,HARMLS,23319907,N,Y,29.843948,-95.844035
PAST SALE,July-24-2023,Single Family Residential,3323 Baden Oaks Ct,Katy,TX,77494,412500,5,3.0,Cinco Ranch Town Center Sec 1,2394,6720,1997,,172,108,Sold,,,https://www.redfin.com/TX/Katy/3323-Baden-Oaks-Ct-77494/home/32833732,HARMLS,24053344,N,Y,29.7365472,-95.7660489
PAST SALE,October-20-2023,Single Family Residential,6631 Windy River Ln,Katy,TX,77449,251000,3,2.5,Highland Creek Ranch Sec 01,1751,4468,2003,,143,37,Sold,,,https://www.redfin.com/TX/Katy/6631-Windy-River-Ln-77449/home/29233661,HARMLS,450308,N,Y,29.8722318,-95.722722
PAST SALE,April-27-2023,Single Family Residential,10234 White Pines Dr,Katy,TX,77494,639900,4,3.5,Cinco Ranch Southwest,3510,7170,2011,,182,96,Sold,,,https://www.redfin.com/TX/Katy/10234-White-Pines-Dr-77494/home/40169075,HARMLS,40950308,N,Y,29.7104672,-95.8345345
PAST SALE,May-17-2023,Single Family Residential,3615 Stacy Park Cir,Katy,TX,77449,350000,3,2.5,Lakes Bridgewater Sec 01,2326,9336,1996,,150,41,Sold,,,https://www.redfin.com/TX/Katy/3615-Stacy-Park-Cir-77449/home/30647652,HARMLS,37832671,N,Y,29.822368,-95.7422214
PAST SALE,February-29-2024,Single Family Residential,21707 Slate Bridge Ct,Katy,TX,77449,347000,3,3.5,Lakes Bridgewater Sec 06,2528,7543,2001,,137,42,Sold,,,https://www.redfin.com/TX/Katy/21707-Slate-Bridge-Ct-77449/home/29161824,HARMLS,50397862,N,Y,29.8218217,-95.751171
PAST SALE,March-13-2024,Single Family Residential,23734 River Place Dr,Katy,TX,77494,359900,3,2.0,Falcon Landing Sec 9,1914,6717,1999,,188,56,Sold,,,https://www.redfin.com/TX/Katy/23734-River-Place-Dr-77494/home/33095104,HARMLS,89260079,N,Y,29.7582729,-95.7837507
PAST SALE,November-15-2023,Single Family Residential,1822 Westfork Dr,Katy,TX,77449,265000,3,2.5,Westgreen Sec 01,1488,8619,1980,,178,33,Sold,,,https://www.redfin.com/TX/Katy/1822-Westfork-Dr-77449/home/30462363,HARMLS,93889894,N,Y,29.7936806,-95.7313602
PAST SALE,June-1-2023,Single Family Residential,25206 Sierra Woods Ln,Katy,TX,77494,360000,4,2.5,Parkway Oaks Sec 4,2128,5923,2006,,169,63,Sold,,,https://www.redfin.com/TX/Katy/25206-Sierra-Woods-Ln-77494/home/32598287,HARMLS,7418106,N,Y,29.7515464,-95.7924339
PAST SALE,April-25-2023,Single Family Residential,7014 Citrus Dr,Katy,TX,77493,549000,4,3.5,Cane Island,2891,9054,2019,,190,108,Sold,,,https://www.redfin.com/TX/Katy/7014-Citrus-Dr-77493/home/167574355,HARMLS,6745325,N,Y,29.8049694,-95.8437497
PAST SALE,February-27-2024,Single Family Residential,5023 Winslow Grove Dr,Katy,TX,77493,349990,3,2.0,Sunterra,1602,,2023,,218,100,Sold,,,https://www.redfin.com/TX/Katy/5023-Winslow-Grove-DR-77493/home/189544881,HARMLS,90221737,N,Y,29.83808,-95.87343
PAST SALE,December-21-2023,Single Family Residential,29727 Ousel Falls Ln,Katy,TX,77494,329990,4,2.0,Tamarron,2031,,2023,,162,104,Sold,,,https://www.redfin.com/TX/Katy/29727-Ousel-Falls-LN-77494/home/187291421,HARMLS,87188693,N,Y,29.728019,-95.888181
PAST SALE,April-26-2023,Single Family Residential,21602 Cedar Cove Dr,Katy,TX,77450,360000,4,3.0,Memorial Pkwy Sec 17,2985,8759,1992,,121,38,Sold,,,https://www.redfin.com/TX/Katy/21602-Cedar-Cove-Dr-77450/home/30628406,HARMLS,12879489,N,Y,29.7562709,-95.7448512
PAST SALE,June-30-2023,Single Family Residential,3268 Zubin Ln,Katy,TX,77493,259900,3,2.0,Heritage Park West,1620,7407,1999,,160,27,Sold,,,https://www.redfin.com/TX/Katy/3268-Zubin-Ln-77493/home/30678999,HARMLS,98040571,N,Y,29.8206906,-95.8099588
PAST SALE,October-19-2023,Single Family Residential,5806 Brenwood Glen Trl,Katy,TX,77449,345000,4,3.5,Brenwood,2859,9978,2002,,121,47,Sold,,,https://www.redfin.com/TX/Katy/5806-Brenwood-Glen-Trl-77449/home/29156293,HARMLS,82136881,N,Y,29.8582355,-95.6858389
PAST SALE,October-3-2023,Single Family Residential,19947 Arbor Creek Dr,Katy,TX,77449,230000,4,2.5,Estates Highland Creek 02,2172,7231,2000,,106,45,Sold,,,https://www.redfin.com/TX/Katy/19947-Arbor-Creek-Dr-77449/home/30692908,HARMLS,12828165,N,Y,29.8734215,-95.7161064
PAST SALE,April-12-2023,Single Family Residential,1019 Longdraw Dr,Katy,TX,77494,544950,4,4.0,Grayson Lakes,3245,9100,2002,,168,114,Sold,,,https://www.redfin.com/TX/Katy/1019-Longdraw-Dr-77494/home/33133494,HARMLS,44886429,N,Y,29.75661,-95.830954
PAST SALE,May-5-2023,Single Family Residential,20103 Ambervine Cir,Katy,TX,77450,949000,5,5.0,Kelliwood Parc,6464,18900,1989,,147,92,Sold,,,https://www.redfin.com/TX/Katy/20103-Ambervine-Cir-77450/home/30613125,HARMLS,55845671,N,Y,29.7702418,-95.7203982
PAST SALE,November-7-2023,Single Family Residential,5910 Horse Prairie Dr,Katy,TX,77449,259000,3,2.0,Eagle Ranch West Sec 01,1901,5749,2005,,136,25,Sold,,,https://www.redfin.com/TX/Katy/5910-Horse-Prairie-Dr-77449/home/29309904,HARMLS,25535910,N,Y,29.8626348,-95.7227631
PAST SALE,May-4-2023,Single Family Residential,19522 River Bottom Rd,Katy,TX,77449,263000,3,2.0,Bear Creek Meadows Sec 02,1769,5009,2003,,149,36,Sold,,,https://www.redfin.com/TX/Katy/19522-River-Bottom-Rd-77449/home/29252046,HARMLS,77179967,N,Y,29.8669254,-95.7122369
PAST SALE,October-16-2023,Single Family Residential,22314 Cascade Springs Dr,Katy,TX,77494,408900,3,2.0,Grand Lakes,2017,6827,2002,,203,88,Sold,,,https://www.redfin.com/TX/Katy/22314-Cascade-Springs-Dr-77494/home/33141219,HARMLS,6797386,N,Y,29.70582,-95.7668107
PAST SALE,June-30-2023,Single Family Residential,20711 Chapel Glen Ct,Katy,TX,77450,475000,4,3.5,Kelliwood Gardens,3228,10937,1990,,147,69,Sold,,,https://www.redfin.com/TX/Katy/20711-Chapel-Glen-Ct-77450/home/30617793,HARMLS,83836963,N,Y,29.7509753,-95.7317304
PAST SALE,May-30-2023,Single Family Residential,2127 Garden Terrace Dr,Katy,TX,77494,469000,4,2.5,Cinco Ranch Greenway Village Sec 1,2638,7644,1992,,178,92,Sold,,,https://www.redfin.com/TX/Katy/2127-Garden-Terrace-Dr-77494/home/32828411,HARMLS,61595871,N,Y,29.7499759,-95.7672425
PAST SALE,October-9-2023,Single Family Residential,4122 Brown Meadow Ct,Katy,TX,77449,239000,3,2.0,Cypress Meadow Sec 01,1259,6600,1982,,190,,Sold,,,https://www.redfin.com/TX/Katy/4122-Brown-Meadow-Ct-77449/home/30479713,HARMLS,36725664,N,Y,29.8322397,-95.7067242
PAST SALE,October-4-2023,Single Family Residential,907 Caswell Ct,Katy,TX,77450,690000,4,3.5,Nottingham Country Sec 09,3675,15384,1988,,188,25,Sold,,,https://www.redfin.com/TX/Katy/907-Caswell-Ct-77450/home/30475878,HARMLS,42140057,N,Y,29.77179,-95.7333334
PAST SALE,November-29-2023,Single Family Residential,6623 Laurel Glen Dr,Katy,TX,77449,203000,2,1.0,Autumn Run Sec 03,880,7632,1984,,231,39,Sold,,,https://www.redfin.com/TX/Katy/6623-Laurel-Glen-Dr-77449/home/30569572,HARMLS,33641846,N,Y,29.8733554,-95.6914706
PAST SALE,May-16-2023,Single Family Residential,1518 Kings Castle Dr,Katy,TX,77450,1200000,6,5.0,Kelliwood Nottingham Country,6349,18802,1987,,189,80,Sold,,,https://www.redfin.com/TX/Katy/1518-Kings-Castle-Dr-77450/home/30548646,HARMLS,22269696,N,Y,29.764428,-95.7213065
PAST SALE,November-29-2023,Single Family Residential,7234 Greenbriar Canyon Ln,Katy,TX,77493,282000,4,2.5,Winward,1851,,2023,,152,63,Sold,,,https://www.redfin.com/TX/Katy/7234-Greenbriar-Canyon-Ln-77493/home/188201500,HARMLS,79769881,N,Y,29.8820713,-95.8377841
